status,cnv-locus,cnv-type,deletion-values,duplication-values,number-of-reports,number-case-population,number-case-individuals,animal-model
9,,,0,0,0,0,0,
9,,,0,0,0,0,0,
9,,,0,0,0,0,0,
9,,,0,0,0,0,0,
9,,,0,0,0,0,0,
9,1p13.1,Deletion,2,3,3,5,5,
9,1p13.2,Deletion-Duplication,48,18,13,21,66,
9,1p13.3,Deletion-Duplication,67,19,20,32,86,
9,1p11.1,Duplication,0,9,1,2,9,
9,1p11.2,Deletion-Duplication,6,32,6,10,38,
9,1p11.2-p11.1,Duplication,0,44,2,3,44,
9,1p12,Deletion-Duplication,18,21,7,13,39,
9,1p13.3-p13.2,Duplication,1,5,2,5,6,
9,1p11.2-q21.1,Duplication,0,1,1,2,1,
9,1p12-p11.2,Duplication,1,2,3,5,3,
9,1p13.1-p12,Deletion-Duplication,1,1,1,2,2,
9,1p13.2-p11.2,Duplication,0,1,1,2,1,
9,1p13.3-p12,Duplication,0,1,1,2,1,
9,1p21.2,Deletion,2,2,3,5,4,
9,1p21.3,Deletion-Duplication,36,13,12,23,49,
9,1p21.3-p21.2,Deletion,5,2,6,9,7,
9,1p31.1,Deletion-Duplication,131,43,28,45,175,
9,1p31.3,Deletion-Duplication,26,37,23,36,63,
9,1p21.1,Deletion-Duplication,64,51,23,35,117,
9,1p22.1,Deletion-Duplication,15,15,10,17,30,
9,1p22.2,Deletion-Duplication,20,6,8,13,26,
9,1p22.3,Deletion-Duplication,40,10,7,14,50,
9,1p31.2,Deletion-Duplication,2,2,1,2,4,
9,1p21.1-p13.3,Deletion,1,0,1,2,1,
9,1p21.2-p13.2,Duplication,1,1,2,3,2,
9,1p21.2-p21.1,Duplication,0,1,1,1,1,
9,1p21.3-p13.3,Deletion,4,0,2,3,4,
9,1p21.3-p21.1,Deletion,1,0,1,1,1,
9,1p22.1-p21.1,Deletion,1,0,1,2,1,
9,1p22.1-p21.3,Deletion,4,0,4,6,4,
9,1p22.2-p22.1,Duplication,0,5,5,10,5,
9,1p31.1-p13.3,Duplication,0,1,1,2,1,
9,1p31.2-p22.3,Deletion,1,0,1,1,1,
9,1p32.3,Deletion-Duplication,35,18,12,25,53,
9,1p33,Deletion-Duplication,172,44,16,24,216,
9,1p34.1,Deletion-Duplication,29,23,14,24,52,
9,1p34.2,Deletion-Duplication,69,70,15,24,139,
9,1p34.3,Deletion-Duplication,26,13,10,18,39,
9,1p32.1,Deletion-Duplication,17,3,6,14,20,
9,1p32.2,Deletion-Duplication,7,10,5,12,17,
9,1p33-p32.3,Deletion,2,1,2,4,3,
9,1p35.1,Deletion,7,5,7,15,12,
9,1p31.3-p31.1,Deletion,2,0,2,3,2,
9,1p32.1-p31.1,Deletion,2,0,1,2,2,
9,1p32.1-p31.3,Duplication,2,2,4,9,4,
9,1p32.2-p31.1,Deletion,1,0,1,2,1,
9,1p32.3-p31.1,Duplication,0,1,1,2,1,
9,1p32.3-p31.3,Deletion,1,0,1,2,1,
9,1p33-p31.3,Duplication,0,1,1,2,1,
9,1p34.2-p33,Duplication,0,1,1,2,1,
9,1p34.2-p34.1,Deletion,2,0,1,2,2,
9,1p34.3-p34.1,Duplication,0,1,1,2,1,
9,1p34.3-p34.2,Deletion,2,2,3,5,4,
9,1p35.2,Deletion-Duplication,16,17,13,23,33,
9,1p36.11,Deletion-Duplication,19,28,15,24,47,
9,1p36.11-p35.3,Deletion,2,0,2,4,2,
9,1p36.12,Deletion-Duplication,32,10,9,18,42,
9,1p35.3,Deletion,14,5,6,11,19,
9,1p35.3-p35.2,Duplication,1,3,3,6,4,
9,1p35.1-p34.3,Duplication,0,1,1,2,1,
9,1p35.2-p34.3,Duplication,0,2,2,4,2,
9,1p35.2-p35.1,Deletion-Duplication,1,1,1,2,2,
9,1p36,Deletion,4,0,1,4,4,
9,1p36.11-p35.1,Duplication,0,1,1,2,1,
9,1p36.22,Deletion-Duplication,46,65,14,26,111,
9,1p36.23,Deletion,14,6,7,14,20,
9,1p36.31,Deletion-Duplication,21,12,14,20,33,
9,1p36.31-p36.23,Deletion-Duplication,1,1,1,1,2,
9,1p36.13,Deletion-Duplication,41,133,19,30,175,
9,1p36.21,Deletion-Duplication,52,29,14,24,81,
9,1p36.22-p36.21,Duplication,1,11,5,10,12,
9,1p36.32,Deletion-Duplication,26,30,15,27,56,
9,1p36.13-p36.12,Deletion,1,1,2,3,2,
9,1p36.21-p36.12,Deletion-Duplication,1,1,1,2,2,
9,1p36.21-p36.13,Deletion-Duplication,2,1,1,2,3,
9,1p36.22-p36.12,Deletion,1,0,1,2,1,
9,1p36.22-p36.13,Deletion,3,0,1,2,3,
9,1p36.23-p36.13,Deletion,1,0,1,2,1,
9,1p36.23-p36.21,Deletion,1,0,1,2,1,
9,1p36.23-p36.22,Duplication,2,1,2,2,3,
9,1p36.31-p36.13,Duplication,0,1,1,2,1,
9,1p36.31-p36.21,Duplication,0,1,1,2,1,
9,1p36.31-p36.22,Deletion,1,0,1,2,1,
9,1p36.33,Deletion-Duplication,101,120,24,37,222,
9,1p36.32-p36.31,Deletion-Duplication,1,2,1,3,3,
9,1p36.32-p36.13,Deletion,1,0,1,2,1,
9,1p36.32-p36.21,Deletion,3,0,2,3,3,
9,1p36.32-p36.22,Deletion,3,0,2,3,3,
9,1p36.32-p36.23,Deletion,3,0,1,2,3,
9,1q41-q42.11,Duplication,0,1,1,1,1,
9,1p22.1-p13.3,Deletion,1,0,1,1,1,
9,1p31.3-p22.3,Duplication,0,1,1,2,1,
9,1q41-q43,Duplication,0,1,1,1,1,
9,1q21.1,Deletion-Duplication,412,496,49,80,911,
9,1q12-q21.1,Duplication,1,11,3,6,12,
9,1p36.33-p36.13,Duplication,0,1,1,1,1,
9,1p36.33-p36.22,Deletion,80,0,3,5,80,
9,1p36.33-p36.23,Deletion,6,0,3,4,6,
9,1p36.33-p36.31,Deletion,11,1,2,3,12,
9,1p36.33-p36.32,Deletion,30,7,10,13,37,
9,1q12,Duplication,0,1,1,2,1,
9,1q21.2,Deletion-Duplication,11,19,15,24,30,
9,1q21.3,Deletion-Duplication,42,48,20,30,90,
9,1q22,Deletion-Duplication,16,20,9,14,36,
9,1q23.1,Deletion-Duplication,24,16,11,21,40,
9,1q23.2,Deletion,4,0,3,6,4,
9,1q23.3,Deletion-Duplication,35,14,10,14,49,
9,1q21.1-q21.2,Duplication,24,40,17,23,64,
9,1q21.2-q21.3,Duplication,0,3,2,3,3,
9,1q24.1,Deletion,5,1,3,6,6,
9,1q24.2,Deletion,32,7,14,23,39,
9,1q21.1-q21.3,Duplication,0,1,1,2,1,
9,1q21.1-q22,Duplication,0,1,1,2,1,
9,1q21.3-q22,Deletion,3,0,3,4,3,
9,1q21.3-q23.1,Duplication,0,1,1,1,1,
9,1q22-q23.1,Duplication,0,1,1,2,1,
9,1q23.1-q23.3,Duplication,0,1,1,2,1,
9,1q23.1-q25.1,Duplication,0,1,1,2,1,
9,1q23.2-q24.1,Deletion,1,0,1,2,1,
9,1q23.3-q24.1,Deletion,1,0,1,2,1,
9,1q23.3-q24.2,Deletion,3,0,2,3,3,
9,1q23.3-q24.3,Deletion,2,0,2,3,2,
9,1q23.3-q25.1,Deletion,1,0,1,2,1,
9,1q23.3-q25.2,Duplication,0,1,1,2,1,
9,1q24.1-q25.1,Deletion,2,0,2,3,2,
9,1q25.1,Deletion-Duplication,18,22,12,22,40,
9,1q25.1-q25.2,Duplication,0,1,1,1,1,
9,1q25.3,Deletion-Duplication,28,50,18,29,78,
9,1q31.1,Deletion-Duplication,104,20,17,31,124,
9,1q31.3,Deletion-Duplication,76,20,16,28,96,
9,1q24.3,Deletion-Duplication,22,5,9,18,27,
9,1q25.2,Deletion-Duplication,11,33,9,21,44,
9,1q31.2,Deletion-Duplication,32,6,8,16,38,
9,1q24.2-q25.1,Deletion,13,0,2,4,13,
9,1q24.2-q31.2,Deletion,1,0,1,1,1,
9,1q24.3-q25.2,Deletion,2,0,2,2,2,
9,1q25.1-q31.1,Deletion,1,0,1,2,1,
9,1q25.2-q25.3,Deletion,1,0,1,2,1,
9,1q25.2-q32.1,Deletion,1,0,1,2,1,
9,1q25.3-q31.1,Deletion,4,0,3,5,4,
9,1q31.1-q31.2,Duplication,1,1,2,2,2,
9,1q31.1-q42.11,Duplication,0,1,1,2,1,
9,1q31.2-q31.3,Deletion,1,1,2,3,2,
9,1q31.3-q32.1,Deletion,1,0,1,2,1,
9,1q32.1,Deletion-Duplication,90,19,18,30,109,
9,1q32.2,Deletion-Duplication,11,17,9,14,28,
9,1q41,Deletion-Duplication,43,33,14,27,76,
9,1q42.11-q42.12,Deletion,2,0,2,3,2,
9,1q42.13,Deletion-Duplication,12,35,12,25,47,
9,1q42.2,Deletion-Duplication,16,56,17,31,72,
9,1q42.3,Deletion,14,12,11,22,26,
9,1q43,Deletion-Duplication,50,53,23,42,104,
9,1q32.3,Deletion-Duplication,34,2,4,9,36,
9,1q42.11,Deletion,2,0,1,2,2,
9,1q42.12,Deletion-Duplication,13,7,11,19,20,
9,1q32.1-q32.2,Duplication,0,1,1,2,1,
9,1q32.1-q41,Duplication,0,1,1,1,1,
9,1q32.2-q44,Duplication,0,1,1,2,1,
9,1q32.3-q41,Deletion,2,0,2,4,2,
9,1q41-q42.12,Deletion,3,0,3,4,3,
9,1q41-q42.13,Deletion,2,0,2,3,2,
9,1q41-q44,Duplication,0,4,1,2,4,
9,1q42.11-q42.13,Deletion,1,0,1,2,1,
9,1q42.11-q44,Duplication,0,3,1,2,3,
9,1q42.13-q42.2,Deletion,5,3,6,10,8,
9,1q42.13-q44,Deletion,1,1,2,3,2,
9,1q42.2-q43,Deletion,1,0,1,2,1,
9,1q42.2-q44,Deletion,1,0,1,2,1,
9,1q42.3-q43,Deletion,1,0,1,2,1,
9,1q42.3-q43.1,Duplication,0,1,1,2,1,
9,1q42.3-q44,Duplication,0,1,1,2,1,
9,1q44,Deletion-Duplication,467,111,47,74,578,
9,1q43-q44,Duplication,28,6,7,8,34,
9,1qter,Deletion,1,0,1,1,1,
9,2p12-p11.2,Deletion,2,0,1,2,2,
9,2p25.3-p25.2,Duplication,2,1,2,4,3,
9,2q11.1-q11.2,Deletion,9,6,2,4,15,
9,2q33.2-q33.3,Deletion,2,0,1,2,2,
9,2p11.2-p11.1,Duplication,0,2,2,2,2,
9,2p22.3-p22.2,Duplication,0,1,1,1,1,
9,2p25,Duplication,0,1,1,1,1,
9,2p25.1-p24.2,Deletion,1,0,1,1,1,
9,2p25.2-p24.3,Deletion,5,0,4,5,5,
9,2p25.2-p25.1,Deletion-Duplication,2,2,4,5,4,
9,2q12.1-q12.3,Deletion,1,0,1,2,1,
9,2q21.2-q21.3,Duplication,0,2,2,2,2,
9,2q22.1-q22.2,Deletion,1,1,2,3,2,
9,2q22.1-q22.3,Deletion,3,0,2,3,3,
9,2q32.1-q32.2,Deletion,1,0,1,1,1,
9,2q32.1-q33.3,Duplication,0,1,1,1,1,
9,2q36.1-q37.1,Duplication,1,1,2,2,2,
9,2q37.1-q37.2,Duplication,0,1,1,1,1,
9,2p23.3-p16.3,Duplication,0,1,1,1,1,
9,2q31.1-q31.3,Deletion,1,0,1,1,1,
9,2p12,Deletion-Duplication,161,82,17,28,243,
9,2p13.2,Deletion-Duplication,15,16,10,17,31,
9,2p11.2,Deletion-Duplication,79,119,22,35,198,
9,2p13.1,Deletion-Duplication,13,11,8,13,24,
9,2p13.1-p12,Duplication,0,6,5,9,6,
9,2p13.3,Deletion,21,2,8,12,23,
9,2p14,Deletion-Duplication,29,11,14,23,40,
9,2p11.1,Duplication,0,9,2,4,9,
9,2p11.2-q12.1,Duplication,0,1,1,2,1,
9,2p13.3-p12,Deletion,1,0,1,1,1,
9,2p13.3-p13.1,Deletion,1,0,1,1,1,
9,2p13.3-p13.2,Deletion,3,0,2,3,3,
9,2p15,Deletion-Duplication,20,18,14,24,39,
9,2p16.1,Deletion-Duplication,148,62,19,35,211,
9,2p16.3,Deletion-Duplication,449,22,58,95,471,
9,2p16.1-p15,Deletion,13,11,5,8,24,
9,2p16.2,Deletion-Duplication,50,10,12,22,60,
9,2p15-p14,Deletion-Duplication,1,1,1,2,2,
9,2p16.1-p14,Deletion,1,0,1,2,1,
9,2p21,Deletion-Duplication,191,71,26,46,262,
9,2p22.3,Deletion-Duplication,127,99,31,50,226,
9,2p22.1,Deletion-Duplication,38,261,16,27,299,
9,2p22.2,Deletion-Duplication,10,3,9,16,13,
9,2p16.3-p16.2,Deletion-Duplication,2,1,2,3,3,
9,2p21-p16.3,Deletion,3,1,4,5,4,
9,2p22.1-p16.1,Duplication,0,1,1,2,1,
9,2p23.1,Deletion,23,3,7,11,26,
9,2p23.3,Deletion,60,6,11,19,66,
9,2p25.3,Deletion-Duplication,49,66,33,55,115,
9,2p23.2,Deletion-Duplication,16,4,7,13,20,
9,2p24.1,Deletion-Duplication,18,11,8,12,29,
9,2p24.2,Deletion-Duplication,45,12,6,11,57,
9,2p24.3,Deletion-Duplication,39,103,8,17,142,
9,2p25.1,Deletion-Duplication,47,16,11,19,63,
9,2p25.2,Deletion-Duplication,12,7,7,11,19,
9,2p22.3-p21,Duplication,0,1,1,2,1,
9,2p23.1-p22.3,,2,0,2,4,3,
9,2p24.2-p24.1,Deletion,2,0,1,2,2,
9,2p25.1-p24.3,Duplication,0,1,1,2,1,
9,2p25.3-p16.1,Duplication,0,1,1,2,1,
9,2p25.3-p23.1,Duplication,0,1,1,2,1,
9,2p25.3-p24.3,Duplication,0,2,1,2,2,
9,2p25.3-p25.1,Duplication,5,1,3,4,6,
9,2q11.1,Duplication,1,9,8,14,10,
9,2q11.2,Deletion-Duplication,67,95,22,40,162,
9,2q12.1,Deletion,6,0,2,3,6,
9,2q12.2,Deletion,7,11,3,9,18,
9,2q12.2-q12.3,Duplication,7,7,9,15,14,
9,2q12.3,Deletion-Duplication,7,5,4,8,12,
9,2q13,Deletion-Duplication,186,136,46,62,322,
9,2q11.1-q12.1,Duplication,0,1,1,2,1,
9,2q11.2-q12.3,Duplication,0,1,1,2,1,
9,2q11.2-q13,Duplication,0,4,4,5,4,
9,2q12.1-q12.2,Deletion-Duplication,1,1,1,2,2,
9,2q12.1-q13,Deletion,2,0,2,5,2,
9,2q12.2-q13,Duplication,0,2,2,3,2,
9,2q12.2-q24.1,Duplication,0,1,1,1,1,
9,2q12.3-q13,Deletion-Duplication,1,2,2,4,3,
9,2q14.1,Deletion-Duplication,32,66,12,23,98,
9,2q14.3,Deletion-Duplication,102,31,14,26,133,
9,2q21.2,Duplication,10,27,12,21,37,
9,2q21.3,Deletion,8,6,7,14,14,
9,2q22.2-q22.3,Deletion-Duplication,5,1,3,4,6,
9,2q23.1,Deletion-Duplication,56,21,16,22,77,
9,2q14.2,Deletion-Duplication,16,15,13,21,31,
9,2q21.1,Deletion-Duplication,15,35,12,23,50,
9,2q22.1,Deletion-Duplication,46,11,15,28,57,
9,2q22.2,Deletion,15,2,5,9,17,
9,2q22.3,Deletion,11,3,5,9,14,
9,2q22.3-q23.1,Deletion,11,7,7,9,18,
9,2q13-q23.3,Duplication,0,1,1,1,1,
9,2q14.1-q14.2,Duplication,0,2,2,2,2,
9,2q14.1-q21.3,Deletion,1,0,1,2,1,
9,2q14.3-q21.1,Duplication,1,1,2,4,2,
9,2q14.3-q24.3,Duplication,0,1,1,1,1,
9,2q21.1-q21.2,Deletion,2,0,2,2,2,
9,2q22.1-q23.1,Duplication,0,2,1,1,2,
9,2q22.1-q24.3,Duplication,0,1,1,1,1,
9,2q22.2-q23.1,Duplication,0,4,1,1,4,
9,2q22.2-q24.2,Duplication,0,1,1,1,1,
9,2q22.3-q23.2,Duplication,1,2,2,2,3,
9,2q22.3-q23.3,Deletion,3,1,4,5,4,
9,2q22.3-q24.1,Deletion,1,0,1,2,1,
9,2q23.3-q24.1,Deletion,3,1,2,3,4,
9,2q24.1,Deletion-Duplication,101,4,12,19,105,
9,2q24.2,Deletion-Duplication,30,19,14,26,49,
9,2q23.2,Deletion,4,1,3,6,5,
9,2q23.3,Deletion,28,4,10,19,32,
9,2q24.1-q24.2,Deletion-Duplication,2,11,7,11,13,
9,2q23.1-q23.3,Deletion,2,0,2,3,2,
9,2q23.1-q24.3,Deletion,1,0,1,2,1,
9,2q23.2-q23.3,Duplication,0,1,1,1,1,
9,2q23.3-q24.3,Deletion,1,0,1,2,1,
9,2q24.1-q24.3,Deletion,3,1,3,4,4,
9,2q24.1-q31.1,Deletion,1,0,1,1,1,
9,2q24.3,Deletion,81,16,13,24,97,
9,2q31.1,Deletion-Duplication,35,16,15,23,51,
9,2q31.2,Deletion-Duplication,39,20,15,25,59,
9,2q31.3,Deletion-Duplication,4,3,6,11,7,
9,2q32.1,Deletion-Duplication,136,35,21,35,171,
9,2q32.2,Deletion,18,1,5,10,19,
9,2q32.3,Deletion-Duplication,89,14,12,24,103,
9,2q24.2-q24.3,Deletion,5,0,4,4,5,
9,2q24.2-q31.1,Deletion,1,0,1,1,1,
9,2q24.3-q31.1,Deletion,5,0,3,4,5,
9,2q24.3-q32.1,Deletion,1,0,1,2,1,
9,2q31.1-q31.2,Deletion,2,0,1,2,2,
9,2q31.1-q32.1,Deletion,1,0,1,2,1,
9,2q31.1-q33.1,Deletion,1,0,1,2,1,
9,2q31.1-q33.2,Deletion,1,0,1,2,1,
9,2q31.2-q32.1,Deletion,1,0,1,2,1,
9,2q31.2-q33.1,Deletion,1,0,1,2,1,
9,2q31.3-q32.1,Deletion,1,0,1,2,1,
9,2q31.3-q36.1,Duplication,0,1,1,1,1,
9,2q32-q33,Deletion,1,0,1,1,1,
9,2q32.2-q37.3,Duplication,0,2,1,2,2,
9,2q33.1,Deletion-Duplication,45,29,18,30,74,
9,2q33.3,Deletion-Duplication,21,6,7,17,27,
9,2q34,Deletion-Duplication,77,30,23,39,107,
9,2q35,Deletion-Duplication,16,16,13,19,32,
9,2q36.2,Deletion,11,1,4,6,12,
9,2q36.3,Deletion-Duplication,37,50,19,31,87,
9,2q37.1,Deletion-Duplication,55,44,20,37,99,
9,2q33.2,Deletion,7,4,3,7,11,
9,2q36.1,Deletion-Duplication,23,12,10,19,35,
9,2q32.3-q33.1,Duplication,2,2,4,7,4,
9,2q32.3-q37.3,Duplication,0,2,1,2,2,
9,2q33.1-q33.2,Deletion,1,0,1,2,1,
9,2q33.1-q34,Deletion,2,0,2,3,2,
9,2q33.2-q35,Deletion,1,0,1,2,1,
9,2q33.3-q34,Deletion,2,0,2,4,2,
9,2q34-q35,Duplication,1,2,2,3,3,
9,2q34-q36.3,Duplication,0,1,1,2,1,
9,2q35-q36.3,Deletion-Duplication,1,1,1,2,2,
9,2q36.1-q36.2,Deletion,1,0,1,2,1,
9,2q36.1-q37.3,Duplication,0,1,1,2,1,
9,2q36.2-q36.3,Deletion,1,0,1,1,1,
9,2q36.3-q37.2,Deletion,1,0,1,2,1,
9,2q36.3-q37.3,Deletion-Duplication,1,2,2,3,3,
9,2q37.2,Deletion-Duplication,12,13,7,15,25,
9,2q37.3,Deletion-Duplication,136,97,42,56,233,
9,2q37.1-q37.3,Deletion,12,1,4,5,13,
9,2q37.2-q37.3,Deletion,8,3,5,8,11,
9,3p21.2,Deletion,3,3,3,6,6,
9,3q28-q29,Duplication,14,4,4,6,18,
9,3p13-p12.3,Deletion,2,0,1,1,2,
9,3p14.3-p14.1,Deletion,3,0,2,3,3,
9,3p22.1-p21.31,Deletion,1,0,1,1,1,
9,3p22.1-p21.32,Deletion,1,0,1,1,1,
9,3p26.3-p22.3,Duplication,0,1,1,1,1,
9,3q11.1,Deletion,1,0,1,2,1,
9,3q11.1-q12.1,Duplication,0,1,1,2,1,
9,3q13.2-q13.31,Deletion,18,0,6,7,18,
9,3q25,Deletion,2,0,1,1,2,
9,3q26.1-q29,Duplication,0,1,1,2,1,
9,3q26.32-q33,Duplication,0,1,1,1,1,
9,3p12.1,Deletion-Duplication,30,9,7,12,39,
9,3p12.3,Deletion-Duplication,50,51,21,37,101,
9,3p13,Deletion,17,6,10,13,23,
9,3p14.1,Deletion-Duplication,46,22,20,28,69,
9,3p14.2,Deletion-Duplication,118,17,24,42,135,
9,3p11.1,Deletion-Duplication,82,71,10,17,153,
9,3p11.1-q11.2,Duplication,0,12,1,2,12,
9,3p11.2,Deletion,33,5,8,14,38,
9,3p12.2,Deletion-Duplication,29,7,11,17,36,
9,3p12.2-p12.1,Duplication,0,3,2,5,3,
9,3p12.3-p12.2,Duplication,0,5,2,7,5,
9,3p14.1-p12.3,Deletion,4,0,2,4,4,
9,3p12.1-p11.1,Deletion,1,0,1,1,1,
9,3p12.2-p11.1,Deletion,1,0,1,2,1,
9,3p12.2-p11.2,Deletion,1,0,1,2,1,
9,3p12.3-p11.2,Deletion,1,1,2,4,2,
9,3p12.3-p12.1,Deletion,2,0,2,3,2,
9,3p14,Deletion,3,0,1,4,3,
9,3p14.1-p13,Deletion,11,0,9,15,11,
9,3p21.1,Deletion,19,5,7,11,24,
9,3p21.1-p14.3,Deletion,2,0,2,3,2,
9,3p21.31,Deletion-Duplication,22,36,14,28,59,
9,3p22.1,Deletion,79,7,12,22,86,
9,3p22.2,Deletion-Duplication,26,10,12,21,36,
9,3p24.1,Deletion-Duplication,51,14,8,13,65,
9,3p24.3,Deletion-Duplication,65,55,16,27,120,
9,3p14.3,Deletion-Duplication,22,13,14,23,35,
9,3p14.3-p14.2,Duplication,0,8,4,6,8,
9,3p21.33,Deletion-Duplication,4,1,2,4,5,
9,3p22.3,Deletion-Duplication,33,56,14,25,89,
9,3p23,Deletion,7,0,2,5,7,
9,3p24.2,Deletion,39,4,8,15,43,
9,3p14.2-p14.1,Deletion,8,0,7,10,8,
9,3p21.1-p14.1,Deletion,1,0,1,2,1,
9,3p21.31-p14.3,Deletion,1,0,1,2,1,
9,3p21.31-p21.1,Duplication,0,1,1,1,1,
9,3p22.2-p22.1,Duplication,0,1,1,2,1,
9,3p22.3-p22.2,Deletion,2,0,1,2,2,
9,3p25.1,Deletion-Duplication,22,28,15,24,50,
9,3p25.2,Deletion,8,13,6,11,21,
9,3p25.3,Deletion-Duplication,23,66,19,31,89,
9,3p25.1-p24.3,Deletion,3,1,2,6,4,
9,3p24.3-p24.2,Deletion-Duplication,1,1,1,2,2,
9,3p25-p24.3,Deletion,2,0,2,2,2,
9,3p26.1,Deletion-Duplication,124,34,17,32,158,
9,3p26.3,Deletion-Duplication,184,193,46,74,377,
9,3p26.1-p25.3,Duplication,1,7,3,9,8,
9,3p26.2,Deletion-Duplication,160,8,17,29,168,
9,3p25.3-p22.2,Duplication,0,1,1,2,1,
9,3p25.3-p25.2,Deletion,1,0,1,2,1,
9,3p26.1-p25.2,Deletion,1,0,1,2,1,
9,3p26.2-p26.1,,1,0,2,3,2,
9,3p26.3-p26.2,Duplication,6,11,9,16,17,
9,3q11.2,Deletion-Duplication,15,10,8,16,25,
9,3q13.31,Deletion-Duplication,42,4,17,29,46,
9,3q12.1,Deletion-Duplication,10,2,6,11,12,
9,3q12.2,Deletion-Duplication,2,110,4,7,112,
9,3q12.3,Deletion,7,1,6,10,8,
9,3q13.11,Deletion-Duplication,14,4,5,12,18,
9,3q13.12,Deletion-Duplication,5,3,5,7,8,
9,3q13.13,Deletion-Duplication,30,16,8,15,46,
9,3q13.2,Deletion-Duplication,26,1,4,9,27,
9,3q13.32,Duplication,3,11,4,6,14,
9,3p26.3-p22.2,Duplication,0,1,1,2,1,
9,3p26.3-p24.1,Duplication,0,1,1,2,1,
9,3p26.3-p24.3,Duplication,0,3,2,3,3,
9,3p26.3-p25.3,Deletion,3,0,2,3,3,
9,3p26.3-p26.1,Deletion,5,2,4,5,7,
9,3pter-p25.3,Duplication,0,1,1,1,1,
9,3q11.2-q12.1,Duplication,0,2,2,2,2,
9,3q11.2-q21.1,Deletion,1,0,1,2,1,
9,3q12.2-q13.11,Deletion,1,0,1,1,1,
9,3q12.3-q13.31,Deletion,2,0,2,3,2,
9,3q12.3-q13.33,Deletion,1,0,1,1,1,
9,3q13.11-q13.13,Deletion,1,0,1,2,1,
9,3q13.11-q13.31,Deletion-Duplication,1,1,2,3,2,
9,3q13.11-q13.33,Deletion,1,0,1,1,1,
9,3q13.11-q21.3,Deletion,1,0,1,1,1,
9,3q13.12-q13.31,Deletion,2,0,2,3,2,
9,3q13.13-q13.31,Deletion,2,0,2,3,2,
9,3q13.13-q13.33,Deletion,1,0,1,1,1,
9,3q13.2-q13.32,Deletion,1,0,1,1,1,
9,3q13.33,Deletion-Duplication,6,9,6,13,15,
9,3q21.1,Deletion-Duplication,11,6,8,14,17,
9,3q21.3,Deletion-Duplication,52,133,15,27,185,
9,3q22.3,Deletion-Duplication,27,23,16,23,50,
9,3q23,Deletion-Duplication,17,60,18,28,77,
9,3q24,Deletion-Duplication,29,12,13,23,41,
9,3q21.2,Deletion-Duplication,3,14,5,8,17,
9,3q22.1,Deletion-Duplication,48,36,13,23,84,
9,3q13.32-q21.2,Deletion,2,0,2,3,2,
9,3q13.33-q21.2,Deletion,1,0,1,2,1,
9,3q21.2-q21.3,Duplication,0,1,1,2,1,
9,3q22.1-q22.3,Deletion,1,0,1,2,1,
9,3q22.1-q23,Deletion,1,0,1,2,1,
9,3q22.2,Duplication,2,2,4,8,4,
9,3q22.2-q24,Deletion,1,0,1,2,1,
9,3q22.3-q29,Duplication,0,1,1,2,1,
9,3q23-q24,Deletion,1,0,1,2,1,
9,3q24-q26.32,Duplication,0,1,1,2,1,
9,3q24-q29,Duplication,0,2,2,3,2,
9,3q25.31,Deletion-Duplication,5,31,5,10,36,
9,3q26.31,Deletion-Duplication,209,309,18,28,518,
9,3q25.1,Deletion,109,3,7,15,112,
9,3q25.2,Deletion,21,1,3,6,22,
9,3q25.32,Deletion,4,5,6,10,9,
9,3q25.33,Deletion-Duplication,9,3,5,9,12,
9,3q26.1,Deletion-Duplication,200,44,24,38,244,
9,3q26.2,Deletion,9,2,5,9,11,
9,3q25.1-q25.2,Deletion,1,0,1,2,1,
9,3q25.2-q25.31,Deletion,5,0,3,5,5,
9,3q25.32-q25.33,Duplication,1,2,2,4,3,
9,3q25.32-q26.31,Duplication,0,1,1,2,1,
9,3q25.32-q29,Duplication,0,1,1,2,1,
9,3q25.33-q26.1,Duplication,0,1,1,2,1,
9,3q26.1-q26.2,Duplication,0,1,1,2,1,
9,3q26.1-q26.33,Duplication,0,1,1,1,1,
9,3q26.32,Deletion-Duplication,61,19,11,15,80,
9,3q26.33,Deletion-Duplication,7,5,8,15,12,
9,3q27.1,Deletion,11,10,7,16,21,
9,3q26.32-q26.33,Deletion-Duplication,14,3,5,8,17,
9,3q27.2,Deletion-Duplication,5,5,5,8,10,
9,3q26.31-q26.32,Deletion,2,0,2,3,2,
9,3q26.31-qter,Duplication,0,1,1,1,1,
9,3q26.32-q29,Duplication,0,1,1,2,1,
9,3q26.33-q27.1,Deletion,1,0,1,1,1,
9,3q26.33-q28,Deletion,2,0,2,3,2,
9,3q27.2-q28,Deletion,1,0,1,2,1,
9,3q29,Deletion-Duplication,245,182,52,83,427,
9,3q27.3,Deletion-Duplication,11,9,6,10,20,
9,3q28,Deletion-Duplication,37,13,15,24,50,
9,3q27.2-q29,Deletion,4,1,4,5,5,
9,3q27.3-q28,Deletion,1,0,1,2,1,
9,3q27.3-q29,Deletion,2,0,2,3,2,
9,4p15.31-p15.1,Duplication,0,1,1,1,1,
9,4q13.1-q21.21,Deletion,1,0,1,1,1,
9,4p12,Deletion-Duplication,8,20,7,15,28,
9,4p13,Deletion-Duplication,68,35,12,22,103,
9,4p15.32,Deletion,9,9,7,13,18,
9,4p11,Duplication,0,10,2,4,10,
9,4p11-q11,Duplication,0,4,1,2,4,
9,4p12-p11,Duplication,0,4,3,6,4,
9,4p13-p12,Duplication,0,3,1,2,3,
9,4p14,Deletion-Duplication,71,42,18,32,113,
9,4p15.1,Deletion-Duplication,100,25,18,26,125,
9,4p15.2,Deletion-Duplication,12,47,10,18,59,
9,4p15.31,Deletion-Duplication,60,18,8,14,78,
9,4p15.33,Deletion,77,9,10,16,86,
9,4p13-p11,Duplication,0,1,1,2,1,
9,4p13-q13.1,Duplication,0,1,1,2,1,
9,4p15.1-p14,Duplication,0,4,4,5,4,
9,4p15.2-p15.1,Duplication,0,1,1,1,1,
9,4p15.31-p15.2,Deletion,2,0,2,4,2,
9,4p15.32-p15.2,Deletion,1,0,1,1,1,
9,4p15.32-p15.31,Deletion,1,0,1,2,1,
9,4p16.1,Deletion-Duplication,45,48,24,40,94,
9,4p16.3,Deletion-Duplication,127,167,34,52,294,
9,4p16.2,Deletion,13,12,9,17,25,
9,4p15.33-p15.31,Deletion,1,0,1,2,1,
9,4p15.33-p15.32,Duplication,0,2,2,3,2,
9,4p16.1-p15.33,Deletion,1,0,1,2,1,
9,4p16.2-p16.1,Deletion,1,3,2,4,4,
9,4p16.3-p14,Duplication,0,1,1,2,1,
9,4p16.3-p15.1,Duplication,0,2,2,3,2,
9,4p16.3-p15.2,Deletion-Duplication,1,1,1,2,2,
9,4p16.3-p15.31,Duplication,1,1,2,3,2,
9,4p16.3-p15.32,Deletion,2,0,2,3,2,
9,4p16.3-p16.2,Duplication,8,9,4,7,17,
9,4p16.3-p15.33,Deletion,2,0,1,2,2,
9,4p16.3-p16.1,Duplication,9,11,9,11,20,
9,4p16.34-p15.33,Deletion,1,0,1,1,1,
9,4q11-q13.2,Duplication,0,1,1,2,1,
9,4q12,Deletion-Duplication,69,77,24,41,146,
9,4q13.2,Deletion-Duplication,301,37,30,45,338,
9,4q12-q13.1,Duplication,2,4,3,6,6,
9,4q13.1,Deletion-Duplication,91,38,14,24,129,
9,4q13.1-q13.2,Duplication,1,25,4,6,26,
9,4q11-q22.3,Duplication,0,1,1,2,1,
9,4q12-q21.1,Deletion,1,0,1,1,1,
9,4q13.1-q13.3,Deletion,1,0,1,2,1,
9,4q13.1-q21.1,Deletion,1,0,1,1,1,
9,4q21.23,Deletion,23,8,5,11,31,
9,4q22.1,Deletion-Duplication,55,21,20,31,76,
9,4q22.1-q22.2,Duplication,1,2,3,4,3,
9,4q23,Deletion-Duplication,16,24,12,20,40,
9,4q24,Deletion-Duplication,73,22,12,19,95,
9,4q13.2-q13.3,Deletion-Duplication,4,2,3,5,6,
9,4q13.3,Deletion-Duplication,53,34,22,38,88,
9,4q21.1,Deletion-Duplication,14,11,10,16,25,
9,4q21.21,Deletion-Duplication,9,16,10,18,25,
9,4q21.21-q21.22,Deletion,11,1,1,3,12,
9,4q21.22,Deletion,10,1,3,6,11,
9,4q21.3,Deletion,6,2,5,9,8,
9,4q22.2,Deletion-Duplication,18,4,10,14,22,
9,4q22.3,Deletion-Duplication,24,13,13,20,37,
9,4q23-q24,Deletion-Duplication,0,4,2,4,4,
9,4q13.2-q21.23,Deletion,1,0,1,2,1,
9,4q13.3-q21.1,Duplication,0,1,1,2,1,
9,4q13.3-q21.21,Duplication,0,1,1,2,1,
9,4q13.3-q21.22,Deletion,1,0,1,2,1,
9,4q13.3-q22.1,Deletion,1,0,1,2,1,
9,4q13.3-q22.3,Deletion,1,0,1,1,1,
9,4q21.1-q21.22,Deletion,1,0,1,1,1,
9,4q21.1-q21.23,Deletion,1,0,1,2,1,
9,4q21.21-q21.23,Deletion,1,0,1,2,1,
9,4q21.21-q22.1,Deletion,1,0,1,2,1,
9,4q21.22-q21.23,Deletion,2,0,1,2,2,
9,4q21.22-q21.3,Deletion,1,0,1,2,1,
9,4q21.23-q24,Deletion,1,0,1,1,1,
9,4q22.2-q32.3,Duplication,0,1,1,2,1,
9,4q22.3-q23,Deletion-Duplication,1,2,2,3,3,
9,4q22.3-q28.3,Duplication,0,1,1,2,1,
9,4q25-q26,Duplication,4,2,6,8,6,
9,4q25,Deletion-Duplication,88,19,16,26,107,
9,4q26,Deletion-Duplication,30,22,10,22,52,
9,4q27,Deletion,9,14,9,16,23,
9,4q28.1,Deletion-Duplication,24,11,11,19,35,
9,4q24-q25,Duplication,0,1,1,2,1,
9,4q26-q27,Duplication,2,2,4,5,4,
9,4q26-q31.22,Deletion,1,0,1,2,1,
9,4q26-q35.2,Duplication,0,1,1,2,1,
9,4q27-q28.1,Deletion,6,1,2,3,7,
9,4q27-q35.2,Duplication,0,1,1,2,1,
9,4q28.3,Deletion-Duplication,122,42,19,33,164,
9,4q31.1,Deletion-Duplication,15,3,6,10,18,
9,4q31.21-q31.22,Deletion,2,2,1,5,4,
9,4q31.23,Deletion-Duplication,7,5,6,9,12,
9,4q31.3,Deletion-Duplication,87,20,14,26,107,
9,4q32.1,Deletion-Duplication,237,20,17,29,257,
9,4q28.1-q28.2,Duplication,1,2,2,5,3,
9,4q28.2,Deletion-Duplication,12,10,6,11,22,
9,4q31.21,Deletion-Duplication,16,25,9,20,42,
9,4q31.22,Deletion-Duplication,18,6,5,10,24,
9,4q28.2-q28.3,Duplication,0,1,1,2,1,
9,4q28.2-q31.21,Deletion,1,0,1,2,1,
9,4q28.3-q31.21,Deletion,1,0,1,1,1,
9,4q31.21-q31.3,Duplication,0,1,1,2,1,
9,4q31.23-q34.1,Duplication,0,1,1,2,1,
9,4q31.23-q35.2,Duplication,0,1,1,2,1,
9,4q31.3-q32.1,Deletion,1,0,1,2,1,
9,4q31.3-q33,Deletion,1,0,1,1,1,
9,4q32-q34,Deletion,1,0,1,1,1,
9,4q35.1,Deletion-Duplication,22,33,13,24,55,
9,4q35.2,Deletion-Duplication,93,139,42,68,232,
9,4q32.2,Deletion-Duplication,28,56,6,15,84,
9,4q32.3,Deletion-Duplication,58,28,20,31,86,
9,4q33,Deletion,16,2,4,9,18,
9,4q33-q34.1,Deletion,2,2,3,6,4,
9,4q34.1,Deletion-Duplication,32,5,10,19,37,
9,4q34.2,Deletion,7,3,3,5,10,
9,4q34.3,Deletion-Duplication,46,17,7,17,63,
9,4q34.3-q35.1,Duplication,1,1,1,2,2,
9,4q32.1-q32.2,Duplication,0,1,1,2,1,
9,4q32.1-q35.2,Deletion,1,0,1,2,1,
9,4q32.2-q32.3,Duplication,0,1,1,2,1,
9,4q32.2-q34.1,Deletion,1,0,1,2,1,
9,4q32.2-q35.2,Duplication,1,2,3,4,3,
9,4q32.3-q34.1,Deletion,1,0,1,2,1,
9,4q32.3-q35.2,Deletion-Duplication,2,1,1,2,3,
9,4q34.1-q34.2,Deletion,1,0,1,2,1,
9,4q34.1-q34.3,Deletion-Duplication,1,1,1,2,2,
9,4q34.1-q35.1,Deletion-Duplication,2,1,2,4,3,
9,4q34.1-q35.2,Duplication,5,3,4,5,8,
9,4q34.2-q34.3,Deletion,1,0,1,2,1,
9,4q34.2-q35.2,Deletion,2,0,1,2,2,
9,4q34.3-q35.2,Deletion-Duplication,3,1,1,2,4,
9,4q35.1-q35.2,Deletion-Duplication,9,7,9,13,17,
9,4q31.1-q31.21,Duplication,1,1,1,2,2,
9,4q21.23-q22.1,Deletion,1,0,1,1,1,
9,4q31.22-q31.3,Deletion,1,0,1,1,1,
9,4q34.2-q35.1,Duplication,0,1,1,1,1,
9,5p12,Deletion-Duplication,23,7,8,14,30,
9,5p13.2,Deletion-Duplication,21,39,16,28,60,
9,5p14.1,Deletion-Duplication,131,18,9,18,149,
9,5p14.2-p14.1,Deletion,2,1,2,5,3,
9,5p11,Deletion-Duplication,25,25,2,3,50,
9,5p12-p11,Deletion-Duplication,1,8,5,8,9,
9,5p13.1,Deletion-Duplication,36,8,6,14,44,
9,5p13.3,Deletion-Duplication,51,167,8,16,218,
9,5p13.3-p13.2,Deletion,2,2,2,5,4,
9,5p14.1-p13.3,Duplication,1,1,1,2,2,
9,5p14.2,Deletion,7,1,5,8,8,
9,5p13.1-p11,Duplication,0,1,1,1,1,
9,5p13.2-p12,Duplication,0,1,1,2,1,
9,5p13.2-p13.1,Duplication,0,2,2,3,2,
9,5p13.2-q11.1,Duplication,0,1,1,2,1,
9,5p13.2-q12.1,Duplication,0,1,1,1,1,
9,5p14.1-q11.1,Duplication,0,1,1,2,1,
9,5p15.2,Deletion-Duplication,218,35,27,43,253,
9,5p15.31,Deletion-Duplication,67,9,9,15,76,
9,5p15.33,Deletion-Duplication,82,517,33,50,599,
9,5p14.3,Deletion-Duplication,52,28,13,22,80,
9,5p15.1,Deletion-Duplication,42,21,12,20,63,
9,5p15.32,Deletion-Duplication,7,11,4,7,18,
9,5p14.3-p14.2,Deletion,2,3,5,8,5,
9,5p15.1-p14.3,Deletion,1,0,1,2,1,
9,5p15.2-p14.3,Deletion,1,0,1,2,1,
9,5p15.2-p15.1,Duplication,1,3,4,8,4,
9,5p15.3,Deletion,1,0,1,1,1,
9,5p15.31-p15.2,Deletion,4,0,4,6,4,
9,5p15.32-p14.3,Duplication,0,2,2,2,2,
9,5q12.1,Deletion-Duplication,41,71,15,26,112,
9,5q12.3,Deletion-Duplication,9,11,10,17,20,
9,5p15.33-p15.32,Deletion,5,2,3,5,7,
9,5q11.1,Deletion-Duplication,5,17,6,10,22,
9,5q11.2,Deletion-Duplication,47,23,14,23,70,
9,5q11.2-q12.1,Deletion,2,0,1,2,2,
9,5q12.2,Duplication,3,2,3,5,5,
9,5q13.1,Deletion-Duplication,6,13,3,5,19,
9,5q13.2,Deletion-Duplication,54,25,13,22,79,
9,5q13.3,Deletion-Duplication,17,21,9,15,38,
9,5p15.33-p12,Duplication,0,1,1,2,1,
9,5p15.33-p13.2,Duplication,1,1,2,3,2,
9,5p15.33-p13.3,Deletion,1,0,1,2,1,
9,5p15.33-p14.1,Deletion,1,0,1,2,1,
9,5p15.33-p14.3,Deletion,3,0,1,2,3,
9,5p15.33-p15.1,Deletion,6,0,2,3,6,
9,5p15.33-p15.2,Deletion,8,2,6,11,10,
9,5p15.33-p15.31,Deletion,3,1,3,4,4,
9,5pter,Deletion,1,0,1,1,1,
9,5q11.1-q11.2,Duplication,1,2,2,3,3,
9,5q11.1-q12.1,Deletion,1,0,1,2,1,
9,5q11.2-q12.2,Deletion,1,0,1,1,1,
9,5q11.2-q13.2,Deletion,1,0,1,1,1,
9,5q12.1-q12.2,Deletion,1,1,2,3,2,
9,5q12.1-q12.3,Duplication,0,1,1,1,1,
9,5q12.1-q35.3,Duplication,0,1,1,1,1,
9,5q12.3-q13.2,Deletion,1,0,1,2,1,
9,5q13.2-q13.3,Duplication,0,1,1,1,1,
9,5q14.1,Deletion-Duplication,17,41,16,28,58,
9,5q14.3,Deletion-Duplication,69,26,17,30,95,
9,5q15,Deletion-Duplication,37,11,17,27,48,
9,5q15-q21.1,Duplication,0,2,2,3,2,
9,5q21.3,Deletion-Duplication,87,28,11,20,115,
9,5q14.1-q14.2,Duplication,0,2,1,2,2,
9,5q14.2,Deletion-Duplication,3,3,1,4,6,
9,5q21.1,Deletion-Duplication,112,40,17,27,152,
9,5q21.2,Deletion,62,8,9,15,70,
9,5q21.2-q21.3,Deletion-Duplication,25,7,6,9,32,
9,5q13.3-q14.1,Duplication,1,2,3,6,3,
9,5q13.3-q22.1,Duplication,0,1,1,2,1,
9,5q14.2-q14.3,Deletion,1,0,1,1,1,
9,5q14.3-q15,Deletion-Duplication,2,1,2,3,3,
9,5q14.3-q21.1,Deletion,3,0,1,2,3,
9,5q14.3-q21.2,Deletion,1,0,1,2,1,
9,5q14.3-q21.3,Deletion,2,0,2,2,2,
9,5q15-q22.3,Duplication,0,1,1,2,1,
9,5q21.1-q21.2,Deletion,1,0,1,2,1,
9,5q21.1-q22.2,Deletion,1,0,1,2,1,
9,5q21.1-q23.3,Deletion,1,0,1,2,1,
9,5q22.1,Deletion-Duplication,25,35,11,24,60,
9,5q21.3-q22.2,Deletion,1,0,1,2,1,
9,5q21.3-q33.2,Deletion,1,0,1,2,1,
9,5q22.1-q22.2,Deletion,2,1,2,2,3,
9,5p14.3-p14.1,Deletion,3,0,1,3,3,
9,5p13.3-q11.2,Duplication,0,1,1,1,1,
9,5q22.2,Deletion-Duplication,37,18,12,23,55,
9,5q23.2,Deletion-Duplication,37,12,10,19,49,
9,5q31.1,Deletion-Duplication,25,6,7,15,31,
9,5q31.3,Deletion-Duplication,101,13,9,17,114,
9,5q22.3,Deletion,106,4,8,16,110,
9,5q23.1,Deletion-Duplication,132,47,26,42,179,
9,5q23.3,Deletion-Duplication,18,17,11,19,35,
9,5q31.2,Deletion-Duplication,16,7,8,16,23,
9,5q22.2-q22.3,Deletion,1,0,1,1,1,
9,5q23.1-q23.2,Duplication,3,2,3,4,5,
9,5q23.1-q31.1,Deletion,1,0,1,2,1,
9,5q23.2-q23.3,Deletion,2,0,2,3,2,
9,5q23.2-q31.1,Deletion,2,0,2,3,2,
9,5q23.3-q31.1,Duplication,1,1,2,3,2,
9,5q23.3-q33.2,Duplication,0,1,1,2,1,
9,5q31.1-q31.2,Deletion,2,1,2,3,3,
9,5q31.2-q31.3,Duplication,1,1,3,3,3,
9,5q31.2-q32,Deletion,1,0,1,2,1,
9,5q32,Deletion-Duplication,17,16,11,23,33,
9,5q33.2,Deletion,19,3,6,9,22,
9,5q34,Deletion-Duplication,37,13,7,14,50,
9,5q34-q35.1,Deletion,1,0,1,2,1,
9,5q35.1,Deletion-Duplication,19,7,8,13,26,
9,5q35.2,Deletion-Duplication,38,32,15,26,70,
9,5q33.1,Deletion-Duplication,321,20,16,25,341,
9,5q33.3,Deletion-Duplication,9,14,7,13,23,
9,5q33.1-q35.3,Duplication,0,1,1,2,1,
9,5q33.2-q34,Deletion,2,0,1,2,2,
9,5q33.3-q35.3,Duplication,0,1,1,2,1,
9,5q35,Duplication,0,1,1,2,1,
9,5q35.1-q35.2,Deletion,1,0,1,2,1,
9,5q35.1-q35.3,Duplication,0,1,1,2,1,
9,5q35.2-q35.3,Duplication,24,18,6,8,42,
9,5q35.3,Deletion-Duplication,54,173,37,60,228,
9,5q33.3-q35.1,Deletion,1,0,1,1,1,
9,6p12.1,Deletion-Duplication,152,32,15,24,184,
9,6p12.2,Deletion-Duplication,4,7,4,7,11,
9,6p12.3,Deletion-Duplication,10,19,10,18,29,
9,6p21.1,Deletion-Duplication,19,13,12,20,32,
9,6p11.1,Deletion-Duplication,3,6,1,3,9,
9,6p11.1-q11.1,Duplication,0,6,1,2,6,
9,6p11.2,Duplication,2,31,12,23,33,
9,6p11.2-p11.1,Duplication,0,1,1,2,1,
9,6p11.2-q11.1,Duplication,0,5,2,3,5,
9,6p12,Deletion,5,0,1,4,5,
9,6p12.3-p12.2,Duplication,0,1,1,2,1,
9,6p21.2,Deletion-Duplication,19,15,10,17,34,
9,6p21.31,Deletion-Duplication,12,45,12,20,57,
9,6p21.32,Deletion-Duplication,164,101,23,33,265,
9,6p21.33,Deletion-Duplication,54,41,15,23,95,
9,6p22.1,Deletion-Duplication,81,52,19,31,133,
9,6p21.33-p21.32,Deletion-Duplication,38,1,2,3,39,
9,6p21.1-p12.3,Deletion-Duplication,1,1,1,2,2,
9,6p21.2-p12.3,Deletion,1,0,1,2,1,
9,6p21.31-p21.2,Duplication,0,1,1,2,1,
9,6p22.3,Deletion-Duplication,46,35,20,32,81,
9,6p24.1,Deletion,7,0,3,6,7,
9,6p25.1,Deletion,40,5,11,18,45,
9,6p25.3,Deletion-Duplication,76,102,18,27,178,
9,6p22.2,Deletion-Duplication,15,10,11,20,25,
9,6p22.2-p22.1,Duplication,1,6,5,7,7,
9,6p23,Deletion,5,2,5,10,7,
9,6p24.2,Deletion,7,1,2,4,8,
9,6p24.3,Deletion-Duplication,30,10,9,17,40,
9,6p24.3-p24.2,Deletion,22,0,7,11,22,
9,6p25.2,Deletion-Duplication,11,6,9,15,17,
9,6p22.1-p21.33,Duplication,1,1,2,2,2,
9,6p22.3-p21.33,Deletion,1,0,1,2,1,
9,6p23-p22.3,Deletion,5,0,4,5,5,
9,6p24.1-p22.3,Deletion,3,1,4,5,4,
9,6p24.1-p23,Deletion,1,1,2,3,2,
9,6p24.2-p24.1,Deletion,1,0,1,2,1,
9,6p24.3-p22.3,Deletion,1,0,1,1,1,
9,6p24.3-p23,Deletion,1,0,1,1,1,
9,6p25.1-p24.3,Deletion,3,0,1,2,3,
9,6p25.2-p22.3,Deletion,1,0,1,1,1,
9,6p25.2-p24.2,Duplication,0,1,1,1,1,
9,6p25.2-p25.1,Deletion,1,0,1,1,1,
9,6q11.1,Deletion-Duplication,13,70,6,13,83,
9,6q12,Deletion-Duplication,72,46,17,29,119,
9,6q13,Deletion,14,15,9,17,29,
9,6q14.1,Deletion-Duplication,293,43,21,32,336,
9,6p25.3-p25.2,Duplication,4,4,3,6,8,
9,6p25.3-p21.33,Deletion,1,0,1,1,1,
9,6p25.3-p22.3,Duplication,0,1,1,2,1,
9,6p25.3-p23,Duplication,0,1,1,2,1,
9,6p25.3-p24.3,Deletion,3,0,3,4,3,
9,6p25.3-p25.1,Deletion,31,14,4,6,45,
9,6q11.1-q12,Duplication,0,3,2,3,3,
9,6q11.1-q14.1,Deletion,2,0,2,2,2,
9,6q12-q13,Duplication,2,3,4,7,5,
9,6q12-q14.1,Deletion,2,0,2,2,2,
9,6q13-q14.1,Deletion,4,2,4,5,6,
9,6q14.3,Deletion-Duplication,37,7,9,16,44,
9,6q14.2,Deletion,9,0,2,5,9,
9,6q14.2-q14.3,Duplication,1,5,3,6,6,
9,6q14.1-q15,Deletion,2,0,2,2,2,
9,6q14.1-q16.1,Deletion,3,1,3,4,4,
9,6q15,Deletion-Duplication,23,32,15,25,55,
9,6q16.1,Deletion-Duplication,122,22,15,27,144,
9,6q16.2,Deletion,4,4,2,7,8,
9,6q16.3,Deletion-Duplication,28,14,15,24,42,
9,6q21,Deletion-Duplication,173,38,20,37,211,
9,6q22.1,Deletion-Duplication,11,9,6,10,20,
9,6q22.31,Deletion-Duplication,43,106,23,37,149,
9,6q14.3-q15,Duplication,0,3,1,4,3,
9,6q15-q16.1,Deletion,3,2,3,4,5,
9,6q22.1-q22.2,Deletion,1,1,1,3,2,
9,6q22.2,Deletion,11,2,4,8,13,
9,6q16.1-q16.2,Deletion,11,0,2,2,11,
9,6q16.1-q16.3,Deletion,3,0,3,5,3,
9,6q16.1-q21,Deletion,1,0,1,1,1,
9,6q16.1-q22.31,Deletion,1,0,1,2,1,
9,6q16.2-q16.3,Deletion,1,0,1,2,1,
9,6q16.3-q21,Deletion,2,0,2,3,2,
9,6q21-q22.31,Deletion,2,0,2,2,2,
9,6q21-q22.33,Deletion,1,0,1,2,1,
9,6q21-q23.2,Deletion,1,0,1,2,1,
9,6q22.1-q22.32,,0,0,1,2,1,
9,6q22.1-q22.33,Deletion,1,0,1,2,1,
9,6q23.3,Deletion-Duplication,35,17,7,15,52,
9,6q24.2,Duplication,1,7,5,9,8,
9,6q24.3,Deletion,25,3,11,18,28,
9,6q24.3-q25.1,Deletion,1,0,1,2,1,
9,6q25.2,Deletion-Duplication,6,6,5,9,12,
9,6q25.3,Deletion-Duplication,28,16,15,25,45,
9,6q26,Deletion-Duplication,169,109,35,58,278,
9,6q22.33,Deletion-Duplication,25,6,9,14,31,
9,6q23.1,Deletion,6,0,2,6,6,
9,6q23.2,Deletion-Duplication,28,8,5,12,36,
9,6q24.1,Deletion-Duplication,63,18,13,22,81,
9,6q25.1,Deletion,30,7,10,19,37,
9,6q25.2-q25.3,Deletion,3,1,3,5,4,
9,6q22.31-q22.33,Deletion,2,0,2,2,2,
9,6q22.32,Deletion,2,0,2,2,2,
9,6q22.32-q22.33,Deletion,1,0,1,2,1,
9,6q23.1-q23.2,Deletion,1,0,1,1,1,
9,6q23.2-q23.3,Deletion,1,0,1,1,1,
9,6q24.1-q24.2,Deletion,2,0,1,2,2,
9,6q24.1-q27,Duplication,0,1,1,2,1,
9,6q24.2-q24.3,Deletion,1,0,1,1,1,
9,6q24.2-q25.2,Deletion,1,0,1,2,1,
9,6q24.3-q27,Duplication,0,1,1,2,1,
9,6q25.1-q25.3,Deletion,1,0,1,1,1,
9,6q25.2-q27,Deletion,4,1,3,4,5,
9,6q25.3-q27,Deletion-Duplication,6,1,1,2,7,
9,6q27,Deletion-Duplication,97,194,28,41,291,
9,6q26-q27,Deletion,6,0,3,4,6,
9,6p21.2-p21.1,Deletion,1,0,1,1,1,
9,6q12-q14.3,Deletion,1,0,1,1,1,
9,6q12-q16.1,Deletion,1,0,1,1,1,
9,6q12.3,Duplication,0,1,1,1,1,
9,6q13-q14.2,Deletion,1,0,1,1,1,
9,6q13-q16.1,Deletion,1,0,1,1,1,
9,6q14.1-q14.3,Deletion,1,0,1,1,1,
9,6q14.1-q16.3,Deletion,1,0,1,1,1,
9,6q14.2-q15,Deletion,1,0,1,1,1,
9,6q14.3-q16.1,Deletion,1,0,1,1,1,
9,6q15-q16.3,Deletion,1,0,1,1,1,
9,7q11.23,Deletion-Duplication,196,184,53,79,380,Array
9,7p11.1,Deletion-Duplication,2,24,3,6,26,
9,7p11.2,Duplication,10,31,15,26,41,
9,7p12.2-p12.1,Duplication,0,1,1,2,1,
9,7p12.3,Deletion-Duplication,20,10,15,28,30,
9,7p13,Deletion,8,3,8,14,11,
9,7p14.1,Deletion-Duplication,129,27,20,32,156,
9,7p14.3,Deletion-Duplication,21,69,19,32,90,
9,7p11.2-p11.1,Duplication,1,4,3,4,5,
9,7p12.1,Deletion-Duplication,54,118,12,19,172,
9,7p12.3-p12.2,Duplication,0,3,1,1,3,
9,7p14.2,Deletion-Duplication,4,17,5,12,21,
9,7p11.2-q11.21,Duplication,0,2,2,4,2,
9,7p12.1-p11.1,Deletion-Duplication,1,1,1,2,2,
9,7p12.1-p11.2,Duplication,0,1,1,2,1,
9,7p12.1-q11.22,Duplication,0,1,1,2,1,
9,7p12.2,Deletion,2,0,2,4,2,
9,7p14.1-p13,Deletion-Duplication,1,1,1,2,2,
9,7p15.2,Deletion-Duplication,10,10,12,18,20,
9,7p15.3,Deletion-Duplication,36,15,12,22,51,
9,7p21.2,Deletion-Duplication,31,9,10,17,41,
9,7p21.3,Deletion-Duplication,238,73,26,47,311,
9,7p15.1,Deletion-Duplication,77,14,9,15,91,
9,7p21.1,Deletion-Duplication,97,58,26,42,155,
9,7p14.3-q11.21,Duplication,0,1,1,2,1,
9,7p15.1-p14.3,Duplication,0,1,1,2,1,
9,7p15.2-p15.1,Deletion,1,1,2,3,2,
9,7p15.3-p14.3,Deletion,1,0,1,1,1,
9,7p21.1-p15.2,Duplication,0,1,1,2,1,
9,7p21.1-p15.3,Deletion,2,0,2,3,2,
9,7p21.2-p15.3,Deletion,1,0,1,2,1,
9,7p21.2-p21.1,Deletion,1,0,1,2,1,
9,7p22.1,Deletion-Duplication,73,59,19,32,132,
9,7p21.3-p15.3,Deletion,1,0,1,2,1,
9,7p21.3-p21.1,Deletion,1,0,1,2,1,
9,7p22.2,Deletion-Duplication,67,22,16,28,89,
9,7q11.22,Deletion-Duplication,119,82,34,59,201,
9,7p22.1-p21.3,Duplication,2,5,4,7,7,
9,7p22.2-p22.1,Duplication,4,8,7,12,12,
9,7p22.3,Deletion-Duplication,50,149,18,30,199,
9,7q11.1-q11.21,Duplication,0,2,1,2,2,
9,7q11.21,Deletion-Duplication,91,64,21,33,156,
9,7p22.2-p21.1,Duplication,0,1,1,1,1,
9,7p22.2-p21.2,Duplication,0,2,1,1,2,
9,7p22.2-p21.3,Duplication,0,1,1,1,1,
9,7p22.3-p14.1,Duplication,0,1,1,2,1,
9,7p22.3-p14.2,Duplication,0,1,1,2,1,
9,7p22.3-p15.3,Duplication,0,1,1,2,1,
9,7p22.3-p21.3,Duplication,0,1,1,2,1,
9,7p22.3-p22.1,Deletion-Duplication,1,1,1,2,2,
9,7p22.3-p22.2,Deletion,2,2,4,6,4,
9,7p22.3-q36.3,Deletion,2,0,2,3,2,
9,7q11.21-q11.22,Deletion-Duplication,2,1,2,4,3,
9,7q11.21-q21.11,Deletion,1,0,1,2,1,
9,7q21.11,Deletion-Duplication,73,26,20,34,99,
9,7q21.2,Deletion,5,7,6,12,12,
9,7q21.3,Deletion-Duplication,20,22,15,25,42,
9,7q22.1,Deletion-Duplication,48,94,20,35,142,
9,7q22.3,Deletion,9,5,10,19,14,
9,7q31.1,Deletion-Duplication,212,53,30,46,266,
9,7q11.22-q11.23,Duplication,6,10,8,10,16,
9,7q21.12,Deletion-Duplication,6,10,5,11,16,
9,7q21.12-q21.13,Duplication,2,11,5,10,13,
9,7q21.13,Deletion-Duplication,64,21,11,19,85,
9,7q22.2,Deletion,4,3,3,7,7,
9,7q11.22-q21.11,Deletion,1,0,1,2,1,
9,7q11.23-q21.11,Deletion,3,0,2,3,3,
9,7q21.11-q21.12,Duplication,0,2,2,3,2,
9,7q21.11-q21.3,Duplication,1,1,2,3,2,
9,7q21.3-q22.1,Duplication,1,1,2,3,2,
9,7q22,Deletion,1,0,1,1,1,
9,7q22.1-q22.2,Deletion-Duplication,2,1,1,2,3,
9,7q22.1-q31.1,Deletion,1,0,1,2,1,
9,7q22.2-q31.1,Deletion,1,0,1,2,1,
9,7q31.2,Deletion-Duplication,89,10,9,18,99,
9,7q31.1-q31.2,Deletion,1,1,2,3,2,
9,7q31.1-q31.31,Deletion,2,0,2,5,2,
9,7q31.1-q31.32,Deletion,1,0,1,1,1,
9,7q31.1-q31.33,Deletion,2,0,2,3,2,
9,7q31.1-q32.2,Deletion,1,0,1,3,1,
9,7q21.13-q21.3,Deletion,1,0,1,1,1,
9,7q31.31,Deletion-Duplication,58,12,12,23,70,
9,7q31.32,Deletion,14,5,8,14,19,
9,7q31.33,Deletion-Duplication,41,16,17,26,57,
9,7q32.1,Deletion-Duplication,11,17,9,19,28,
9,7q32.2,Deletion,4,0,2,4,4,
9,7q32.3,Deletion,11,11,6,14,22,
9,7q34,Deletion-Duplication,296,33,20,31,329,
9,7q31.2-q31.31,Duplication,0,3,1,2,3,
9,7q33,Deletion-Duplication,37,17,17,31,54,
9,7q31.3,Deletion,4,0,1,4,4,
9,7q31.31-q31.33,Deletion,1,0,1,1,1,
9,7q31.31-q33,Deletion,1,0,1,1,1,
9,7q31.33-q32.1,Duplication,2,2,4,9,4,
9,7q31.33-q32.3,Deletion,1,0,1,2,1,
9,7q32.1-q33,Duplication,0,1,1,2,1,
9,7q32.1-q36.3,Duplication,0,1,1,2,1,
9,7q32.2-q33,Deletion,1,0,1,1,1,
9,7q32.3-q33,Duplication,0,3,2,4,3,
9,7q32.3-q36.1,Deletion,1,0,1,2,1,
9,7q32.3-q36.3,Duplication,0,1,1,2,1,
9,7q33-q34,Deletion,1,0,1,2,1,
9,7q33-q35,Deletion,2,0,2,3,2,
9,7q33-q36.1,Deletion,1,0,1,1,1,
9,7q33-q36.3,Duplication,0,1,1,2,1,
9,7q35-q36.1,Deletion-Duplication,4,1,4,7,5,
9,7q36.1,Deletion-Duplication,66,51,25,40,117,
9,7q36.2,Deletion-Duplication,38,49,22,36,87,
9,7q36.3,Deletion-Duplication,52,68,20,30,120,
9,7q35,Deletion-Duplication,68,52,35,49,120,
9,7q36.1-q36.2,Duplication,0,13,8,15,13,
9,7q36.2-q36.3,Deletion,10,0,2,4,10,
9,7q34-q35,Deletion,1,0,1,2,1,
9,7q34-q36.1,Deletion,1,0,1,2,1,
9,7q34-q36.3,Deletion,5,1,3,4,6,
9,7q35-q36.3,Deletion,3,1,2,4,4,
9,7q36.1-q36.3,Deletion,3,2,3,4,5,
9,8p11.21,Deletion,20,6,9,18,26,
9,8p12,Deletion-Duplication,79,55,13,25,134,
9,8p11.1,Deletion-Duplication,9,34,5,9,43,
9,8p11.21-p11.1,Duplication,0,15,8,17,15,
9,8p11.22,Duplication,7,5,6,7,12,
9,8p11.23,Deletion-Duplication,10,4,8,13,14,
9,8p11.1-q11.1,Duplication,0,1,1,1,1,
9,8p11.1-q11.21,Duplication,0,1,1,2,1,
9,8p11.2-p11.22,Duplication,0,1,1,1,1,
9,8p11.21-q11.21,Duplication,0,2,1,2,2,
9,8p11.22-q11.21,Duplication,0,2,2,3,2,
9,8p11.22-q11.23,Duplication,0,1,1,2,1,
9,8p11.23-p11.21,Duplication,0,1,1,2,1,
9,8p11.23-p11.22,Deletion-Duplication,5,3,4,4,8,
9,8p11.23-q11.21,Duplication,0,1,1,2,1,
9,8p21.2,Deletion-Duplication,168,49,9,17,217,
9,8p21.3,Deletion-Duplication,25,20,11,19,45,
9,8p22,Deletion-Duplication,500,70,36,57,570,
9,8p12-p11.21,Deletion-Duplication,2,1,1,2,3,
9,8p12-q11.1,Duplication,0,1,1,1,1,
9,8p13.1,Deletion,1,0,1,2,1,
9,8p21.1,Deletion,4,1,4,7,5,
9,8p21.1-q11.21,Duplication,0,1,1,2,1,
9,8p21.2-p12,Deletion,1,0,1,2,1,
9,8p21.2-q11.21,Duplication,0,1,1,2,1,
9,8p21.3-p11.1,Duplication,0,1,1,1,1,
9,8p21.3-p21.2,Deletion,1,0,1,1,1,
9,8p23.1,Deletion-Duplication,218,190,40,57,408,
9,8p22-p21.3,Deletion-Duplication,3,6,8,13,9,
9,8p22-q11.21,Duplication,0,1,1,2,1,
9,8p23.2,Deletion-Duplication,175,119,31,50,294,
9,8p23.3,Deletion-Duplication,112,43,25,41,155,
9,8p23.1-p22,Duplication,1,6,5,10,7,
9,8p23.2-p23.1,Deletion-Duplication,5,7,7,10,12,
9,8p23.1-p11.1,Duplication,0,9,3,4,9,
9,8p23.1-p11.21,Duplication,0,3,2,3,3,
9,8p23.1-p12,Duplication,0,4,2,3,4,
9,8p23.1-p21.1,Duplication,0,1,1,2,1,
9,8p23.1-p21.2,Duplication,0,1,1,1,1,
9,8p23.1-p21.3,Duplication,0,3,2,3,3,
9,8q11.21,Duplication,6,9,8,13,15,
9,8q11.23,Deletion-Duplication,15,55,21,33,70,
9,8q12.2,Deletion,20,0,2,4,20,
9,8q11.1,Deletion-Duplication,5,15,4,7,20,
9,8q11.22,Deletion-Duplication,73,20,4,8,93,
9,8q11.22-q11.23,Deletion,2,0,1,3,2,
9,8q12.1,Deletion-Duplication,15,78,12,20,93,
9,8p23.3-p11.1,Duplication,0,1,1,1,1,
9,8p23.3-p12,Duplication,0,1,1,2,1,
9,8p23.3-p21.1,Deletion,1,0,1,2,1,
9,8p23.3-p22,Duplication,1,1,2,4,2,
9,8p23.3-p23.1,Deletion,31,6,13,15,37,
9,8p23.3-p23.2,Duplication,8,5,9,13,13,
9,8p23.3-q24.3,Duplication,0,4,1,2,4,
9,8pter-p23.1,Deletion,1,0,1,1,1,
9,8pter-p23.2,Deletion,1,0,1,3,1,
9,8q11.1-q11.21,Duplication,0,4,3,4,4,
9,8q11.21-q11.22,Deletion,1,0,1,2,1,
9,8q11.23-q12.1,Deletion,1,0,1,2,1,
9,8q12.1-q12.3,Deletion,1,0,1,2,1,
9,8q12.1-q21.12,Duplication,0,1,1,2,1,
9,8q12.3,Deletion-Duplication,7,5,6,11,12,
9,8q12.2-q12.3,Duplication,0,2,2,4,2,
9,8q21.13,Deletion-Duplication,37,9,9,15,46,
9,8q21.3,Deletion-Duplication,50,32,14,23,82,
9,8q22.1,Deletion-Duplication,31,25,14,25,56,
9,8q22.2,Deletion,23,7,9,15,30,
9,8q22.3,Deletion-Duplication,25,19,16,26,44,
9,8q13.1,Deletion,15,4,4,8,19,
9,8q13.2,Deletion-Duplication,24,14,10,17,38,
9,8q13.3,Deletion-Duplication,14,19,11,21,33,
9,8q21.11,Deletion-Duplication,17,10,9,18,27,
9,8q21.12,Deletion,23,1,4,8,24,
9,8q21.2,Deletion-Duplication,111,11,12,20,122,
9,8q21.2-q21.3,Duplication,3,1,3,4,4,
9,8q12.3-q13.1,Deletion,2,0,2,3,2,
9,8q12.3-q13.2,Deletion,2,0,2,2,2,
9,8q12.3-q21.11,Deletion,1,0,1,2,1,
9,8q12.3-q21.13,Duplication,0,1,1,2,1,
9,8q13.1-q13.2,Duplication,0,1,1,1,1,
9,8q13.2-q13.3,Deletion,1,0,1,2,1,
9,8q13.3-q21.11,Duplication,0,2,2,3,2,
9,8q21,Deletion,1,0,1,1,1,
9,8q21.11-q21.12,Duplication,0,1,1,2,1,
9,8q21.11-q21.13,Deletion,3,0,3,4,3,
9,8q21.11-q21.2,Deletion,1,0,1,2,1,
9,8q21.12-q21.3,Deletion,1,0,1,2,1,
9,8q21.12-q22.1,Deletion,1,0,1,2,1,
9,8q21.13-q21.2,Deletion,1,0,1,2,1,
9,8q21.13-q21.3,Deletion,1,0,1,1,1,
9,8q21.2-q22.1,Duplication,0,1,1,2,1,
9,8q21.3-q22.1,Deletion,4,0,2,3,4,
9,8q22.1-q24.3,Duplication,0,1,1,2,1,
9,8q22.2-q22.3,Duplication,1,2,3,4,3,
9,8q24.11,Deletion,15,4,4,8,19,
9,8q24.13,Deletion-Duplication,57,18,14,29,75,
9,8q24.22,Deletion-Duplication,44,7,8,15,51,
9,8q24.23,Deletion-Duplication,130,11,12,22,141,
9,8q24.3,Deletion-Duplication,68,77,33,48,145,
9,8q23.1,Deletion-Duplication,51,10,6,11,61,
9,8q23.2,Deletion,10,1,4,10,11,
9,8q23.3,Deletion,34,15,9,17,49,
9,8q23.3-q24.11,Deletion,1,3,1,4,4,
9,8q24.12,Deletion-Duplication,22,14,5,11,36,
9,8q24.21,Deletion-Duplication,42,37,13,24,79,
9,8q23.1-q23.2,Duplication,0,1,1,2,1,
9,8q23.1-q24.12,Deletion,2,0,2,2,2,
9,8q23.2-q23.3,Deletion,1,0,1,2,1,
9,8q23.3-q24.21,Deletion,1,0,1,2,1,
9,8q23.3-q24.3,Duplication,0,1,1,2,1,
9,8q24.11-q24.13,Deletion,1,0,1,2,1,
9,8q24.13-q24.3,Duplication,0,1,1,2,1,
9,8q24.21-q24.22,Deletion,1,0,1,2,1,
9,8q24.21-q24.23,Deletion,1,0,1,2,1,
9,8q24.21-q24.3,Duplication,0,1,1,2,1,
9,8q24.22-q24.3,Deletion,2,1,3,3,3,
9,8q24.23-q24.3,Duplication,0,1,1,1,1,
9,8p11.22-p11.21,Duplication,0,1,1,1,1,
9,8p12-q13.1,Duplication,0,1,1,1,1,
9,8q12.3-q13.3,Deletion,1,0,1,1,1,
9,9p12,Deletion,1,0,1,1,1,
9,9p13.2,Duplication,4,6,7,12,10,
9,9p11.2,Deletion,4,5,5,6,9,
9,9p13.1,Deletion,2,7,4,7,9,
9,9p13.1-p12,Deletion-Duplication,7,4,3,4,11,
9,9p13.3,Deletion-Duplication,31,37,12,24,68,
9,9p11.1,Duplication,0,1,1,2,1,
9,9p11.2-p11.1,Duplication,0,1,1,2,1,
9,9p11.2-q12,Deletion,1,0,1,2,1,
9,9p13.1-q13,Duplication,0,1,1,1,1,
9,9p21.1,Deletion-Duplication,165,26,16,28,191,
9,9p21.3,Deletion-Duplication,262,27,12,26,289,
9,9p22.1,Duplication,6,12,9,16,18,
9,9p21.2,Deletion,40,6,7,13,46,
9,9p13.3-p13.1,Deletion,2,0,1,1,2,
9,9p13.3-q21.31,Duplication,0,1,1,1,1,
9,9p21.1-p11.2,Duplication,0,1,1,1,1,
9,9p21.1-p13.1,Duplication,0,18,1,2,18,
9,9p21.1-p13.3,Duplication,0,1,1,2,1,
9,9p21.3-p21.2,Deletion,4,0,4,8,4,
9,9p22.2,Deletion-Duplication,22,41,7,11,63,
9,9p22.3,Deletion-Duplication,23,9,11,22,32,
9,9p23,Deletion-Duplication,363,86,27,47,449,
9,9p24.1,Deletion-Duplication,243,67,26,42,310,
9,9p22.1-p21.2,Deletion,1,0,1,1,1,
9,9p22.1-p21.3,Deletion,2,0,2,4,2,
9,9p22.2-p22.1,Duplication,0,3,3,4,3,
9,9p22.3-p22.2,Duplication,0,2,1,2,2,
9,9p22.3-q12,,0,0,1,2,1,
9,9p23-p13.3,Duplication,0,1,1,2,1,
9,9p23-p21.1,Duplication,0,1,1,2,1,
9,9p23-p21.2,Duplication,0,1,1,1,1,
9,9p23-p22.2,Deletion,3,0,1,2,3,
9,9p23-p22.3,Deletion,2,0,2,2,2,
9,9p24,Deletion,2,0,2,2,2,
9,9p24.2,Deletion-Duplication,49,19,13,21,68,
9,9p24.3,Deletion-Duplication,109,161,26,43,270,
9,9p24.1-p23,Duplication,1,2,2,3,3,
9,9p24.2-p24.1,Duplication,0,1,1,1,1,
9,9p24.3-p13.1,Duplication,0,8,5,8,8,
9,9p24.3-p13.3,Duplication,0,4,3,4,4,
9,9p24.3-p21.3,Duplication,0,1,1,2,1,
9,9p24.3-p22.1,Duplication,1,2,3,4,3,
9,9p24.3-p22.2,Deletion,2,0,2,3,2,
9,9p24.3-p22.3,,1,1,3,5,3,
9,9p24.3-p23,Deletion,19,1,6,7,20,
9,9q21.13,Deletion-Duplication,63,26,12,20,89,
9,9q12,Deletion-Duplication,3,18,3,5,21,
9,9q13,Deletion,3,18,4,7,21,
9,9q21.11,Deletion-Duplication,15,30,7,16,45,
9,9q21.11-q21.12,Deletion,7,0,4,6,7,
9,9q21.12,Deletion-Duplication,5,38,3,6,43,
9,9p24.3-p24.1,Deletion,7,0,4,5,7,
9,9p24.3-p24.2,Deletion-Duplication,9,5,10,16,14,
9,9p24.3-q21.11,Duplication,0,2,2,2,2,
9,9p24.3-q34.3,Duplication,0,8,1,2,8,
9,9q13-q21.11,Deletion,1,0,1,2,1,
9,9q13-q21.13,Deletion,2,0,2,2,2,
9,9q13-q21.31,Deletion,1,0,1,1,1,
9,9q21.11-q21.13,Deletion,2,0,2,3,2,
9,9q21.11-q21.2,Deletion,4,0,4,4,4,
9,9q21.11-q21.31,Deletion,1,0,1,1,1,
9,9q21.12-q21.2,Deletion,2,0,1,1,2,
9,9q21.12-q21.31,Deletion,1,0,1,1,1,
9,9q21.2,Deletion,6,2,5,9,8,
9,9q21.33,Deletion-Duplication,11,13,7,16,24,
9,9q21.31,Deletion,7,5,6,10,12,
9,9q21.32,Deletion-Duplication,63,3,5,11,66,
9,9q22.1,Deletion,3,4,4,9,7,
9,9q21.13-q21.2,Deletion,2,0,1,1,2,
9,9q21.13-q21.31,Deletion,2,0,2,3,2,
9,9q21.13-q21.32,,1,0,2,3,2,
9,9q21.31-q21.32,Duplication,0,2,1,2,2,
9,9q21.32-q21.33,Duplication,0,3,2,2,3,
9,9q21.33-q22.2,Deletion,1,0,1,2,1,
9,9q22.1-q32,Duplication,0,1,1,2,1,
9,9q22.31,Deletion-Duplication,77,7,10,20,84,
9,9q22.33,Deletion-Duplication,23,5,7,11,29,
9,9q31.1,Deletion-Duplication,105,18,20,30,123,
9,9q31.2,Deletion-Duplication,9,7,8,14,16,
9,9q33.1,Deletion-Duplication,107,32,18,29,139,
9,9q22.2,Deletion,1,5,3,7,6,
9,9q22.32,Deletion,9,7,8,16,16,
9,9q31.3,Deletion-Duplication,10,8,7,14,18,
9,9q32,Deletion-Duplication,57,121,21,34,178,
9,9q22.3,Duplication,0,2,2,3,2,
9,9q22.31-q22.32,Duplication,0,3,3,5,3,
9,9q22.31-q22.33,Deletion-Duplication,1,1,1,2,2,
9,9q22.32-q22.33,Duplication,0,1,1,2,1,
9,9q22.32-q31.1,Duplication,0,1,1,1,1,
9,9q22.32-q31.2,Duplication,0,1,1,2,1,
9,9q22.33-q31.1,Deletion,2,0,1,2,2,
9,9q22.33-q33.1,Deletion,2,0,1,2,2,
9,9q31.1-q31.3,,0,0,1,2,1,
9,9q31.2-q33.1,Deletion,1,0,1,1,1,
9,9q33.2,Deletion-Duplication,10,19,10,19,29,
9,9q33.3,Deletion-Duplication,54,6,5,11,60,
9,9q34.11,Deletion-Duplication,22,22,12,22,44,
9,9q34.12,Deletion,3,3,3,6,6,
9,9q34.13,Deletion-Duplication,14,15,9,18,29,
9,9q34.3,Deletion-Duplication,134,171,37,58,309,
9,9q34.2,Deletion-Duplication,37,50,12,21,87,
9,9q33.1-q34.12,Deletion,1,0,1,1,1,
9,9q33.2-q33.3,Duplication,0,2,2,4,2,
9,9q33.2-q34.3,Duplication,0,3,1,2,3,
9,9q33.3-q34.11,Deletion,8,0,3,5,8,
9,9q33.3-q34.13,Duplication,0,1,1,1,1,
9,9q34.11-q34.12,Deletion,1,0,1,1,1,
9,9q34.11-q34.13,Deletion,1,0,1,2,1,
9,9q34.11-q34.3,Duplication,0,1,1,2,1,
9,9q34.13-q34.2,,0,1,2,4,2,
9,9q34.13-q34.3,Duplication,0,2,2,2,2,
9,9q34.2-q34.3,Deletion-Duplication,5,6,9,12,12,
9,9q34.4,Deletion,1,0,1,1,1,
9,10p12.1,Deletion-Duplication,53,9,15,26,62,
9,10p14,Deletion-Duplication,28,42,14,28,70,
9,10p15.1,Deletion-Duplication,26,16,13,21,42,
9,10p11.1,Deletion-Duplication,90,29,3,7,119,
9,10p11.1-q11.1,Deletion-Duplication,1,10,1,2,11,
9,10p11.21,Deletion-Duplication,34,49,16,27,83,
9,10p11.21-p11.1,Deletion-Duplication,15,8,2,3,23,
9,10p11.22,Duplication,4,9,7,11,13,
9,10p11.23,Deletion-Duplication,14,16,7,11,30,
9,10p12.2,Deletion,2,2,2,4,4,
9,10p12.31,Deletion-Duplication,10,11,9,15,22,
9,10p12.33,Deletion-Duplication,23,16,9,18,39,
9,10p12.33-p12.32,Deletion,4,2,3,5,6,
9,10p13,Deletion-Duplication,57,50,16,25,107,
9,10p11.1-q11.21,Duplication,0,1,1,2,1,
9,10p11.23-p11.22,Deletion,2,0,2,4,2,
9,10p12.1-p11.21,Duplication,0,1,1,1,1,
9,10p12.1-p11.23,Deletion-Duplication,1,1,1,2,2,
9,10p12.31-p11.22,Deletion,1,0,1,1,1,
9,10p12.33-p12.1,Deletion,1,0,1,1,1,
9,10p14-p12.31,Deletion-Duplication,2,1,1,2,3,
9,10p15.3,Deletion-Duplication,52,48,21,35,100,
9,10p15.1-p14,Deletion,24,1,3,7,25,
9,10p15.2,Deletion,12,7,7,13,19,
9,10p15.3-p15.2,Duplication,2,6,5,8,8,
9,10q11.1,Deletion-Duplication,23,99,1,2,122,
9,10q11.1-q11.21,Duplication,0,3,2,5,3,
9,10q11.21,Deletion-Duplication,17,72,14,23,89,
9,10q11.21-q11.22,Duplication,1,3,4,6,4,
9,10q11.22,Deletion-Duplication,48,269,21,35,317,
9,10p15.1-p13,Deletion,1,0,1,2,1,
9,10p15.3-p11.23,Duplication,0,2,2,3,2,
9,10p15.3-p12.2,Duplication,0,1,1,2,1,
9,10p15.3-p12.31,Duplication,0,7,1,2,7,
9,10p15.3-p12.33,Duplication,0,1,1,2,1,
9,10p15.3-p13,Deletion,2,0,2,3,2,
9,10p15.3-p14,Deletion-Duplication,5,8,3,5,13,
9,10p15.3-p15.1,Deletion,2,1,3,5,3,
9,10pter-p15.3,Deletion,1,0,1,1,1,
9,10q11.21-q11.23,Duplication,6,1,4,6,7,
9,10q11.21-q21.2,Deletion,1,0,1,2,1,
9,10q21.1,Deletion-Duplication,140,104,19,32,244,
9,10q21.2,Deletion-Duplication,8,6,5,10,14,
9,10q21.3,Deletion-Duplication,317,26,35,53,343,
9,10q11.22-q11.23,Duplication,3,25,10,18,28,
9,10q11.23,Deletion-Duplication,10,27,11,19,37,
9,10q11.23-q21.1,Duplication,1,6,5,8,7,
9,10q11.23-q21.2,Duplication,0,3,3,4,3,
9,10q21.1-q22.2,Deletion,1,0,1,2,1,
9,10q21.1-q26.13,Duplication,0,1,1,1,1,
9,10q21.2-q21.3,Deletion,1,1,2,3,2,
9,10q21.2-q22.2,Deletion,1,0,1,2,1,
9,10q22.1,Deletion,14,6,9,17,20,
9,10q22.2,Deletion-Duplication,6,15,11,18,21,
9,10q22.3,Deletion-Duplication,34,32,13,24,67,
9,10q23.1,Deletion-Duplication,124,34,24,38,158,
9,10q23.31,Deletion,32,11,7,14,43,
9,10q23.32,Deletion,7,4,3,8,11,
9,10q23.33,Deletion-Duplication,31,20,15,26,51,
9,10q23.2,Deletion,35,9,10,21,44,
9,10q21.3-q22.1,Duplication,0,1,1,1,1,
9,10q22.1-q22.2,Deletion,1,0,1,2,1,
9,10q22.1-q22.3,Deletion,1,0,1,2,1,
9,10q22.2-q22.3,Deletion,1,1,2,2,2,
9,10q22.3-q23.1,Deletion,1,0,1,2,1,
9,10q22.3-q23.2,Deletion-Duplication,55,7,4,7,62,
9,10q22.3-q23.31,Deletion,2,0,1,2,2,
9,10q23.1-q23.31,Deletion,2,1,2,3,3,
9,10q23.2-q23.31,Deletion,1,0,1,2,1,
9,10q23.31-q23.32,Duplication,0,1,1,1,1,
9,10q23.31-q26.3,Duplication,0,1,1,2,1,
9,10q23.32-q23.33,Duplication,0,1,1,1,1,
9,10q24.31,Deletion,1,0,1,1,1,
9,10q25.2,Deletion-Duplication,5,8,6,12,13,
9,10q25.3,Deletion-Duplication,32,10,13,19,42,
9,10q26.13,Deletion-Duplication,21,10,9,17,31,
9,10q26.2,Deletion-Duplication,11,8,9,18,19,
9,10q26.3,Deletion-Duplication,54,249,37,52,303,
9,10q24.1,Duplication,2,10,7,13,12,
9,10q24.2,Deletion,9,25,11,19,34,
9,10q24.2-q24.31,Duplication,0,3,1,3,3,
9,10q24.32,Deletion-Duplication,5,23,10,20,28,
9,10q24.33,Duplication,1,7,6,11,8,
9,10q25.1,Deletion-Duplication,47,21,10,17,69,
9,10q26.11,Deletion-Duplication,6,13,7,11,19,
9,10q26.12,Deletion-Duplication,10,7,7,14,17,
9,10q23.33-q24.1,Deletion,1,2,1,2,3,
9,10q23.33-q24.2,Deletion,1,0,1,2,1,
9,10q23.33-q24.32,Deletion,1,0,1,2,1,
9,10q23.33-q25.3,Duplication,0,1,1,2,1,
9,10q24.2-q26.3,Duplication,0,1,1,2,1,
9,10q24.31-q24.32,Duplication,0,1,1,2,1,
9,10q24.32-q24.33,Deletion,1,0,1,2,1,
9,10q24.33-q26.3,Duplication,0,1,1,1,1,
9,10q25.1-q26.11,Deletion,1,0,1,2,1,
9,10q25.1-q26.3,Duplication,0,1,1,2,1,
9,10q25.2-q26.3,Duplication,0,1,1,2,1,
9,10q25.2-qter,Duplication,0,1,1,1,1,
9,10q26.11-q26.13,Duplication,0,1,1,2,1,
9,10q26.11-q26.3,Deletion,2,1,3,4,3,
9,10q26.12-q26.3,Deletion,2,0,2,4,2,
9,10q26.13-q26.2,Deletion,2,0,1,2,2,
9,10q26.13-q26.3,Deletion,6,2,5,6,8,
9,10q26.2-q26.3,Deletion-Duplication,17,4,11,14,21,
9,10p15.1-p12.33,Deletion,1,0,1,1,1,
9,11p11.12,Deletion-Duplication,54,315,12,18,369,
9,11p11.2,Deletion-Duplication,45,63,15,24,108,
9,11p11.11,Deletion-Duplication,13,1,1,2,14,
9,11p11.12-p11.11,Deletion,2,0,1,2,2,
9,11p13,Deletion-Duplication,60,31,24,42,91,
9,11p14.1,Deletion-Duplication,20,9,5,12,29,
9,11p14.3,Deletion-Duplication,66,31,19,34,97,
9,11p15.1,Deletion-Duplication,31,15,18,28,47,
9,11p11.2-p11.12,Deletion-Duplication,34,65,4,7,99,
9,11p12,Deletion-Duplication,84,65,11,22,149,
9,11p14.2,Deletion,5,1,2,4,6,
9,11p14.3-p14.2,Duplication,1,5,4,6,6,
9,11p15.2,Duplication,5,15,11,18,20,
9,11p12-p11.2,Deletion,1,0,1,2,1,
9,11p13-p11.2,Deletion,3,0,2,3,3,
9,11p13-p12,Deletion-Duplication,3,1,2,3,4,
9,11p14.1-p12,Deletion,6,0,3,3,6,
9,11p14.1-p13,Deletion,9,0,4,5,9,
9,11p14.2-p13,Deletion,1,0,1,1,1,
9,11p14.3-p12,Deletion,6,0,2,3,6,
9,11p14.3-p14.1,Deletion,1,0,1,1,1,
9,11p15.1-p11.2,Deletion,1,0,1,1,1,
9,11p15.4,Deletion-Duplication,136,132,32,52,268,
9,11p15.5,Deletion-Duplication,25,42,20,32,68,
9,11p15.3,Deletion-Duplication,1,6,5,9,7,
9,11p15.3-p15.2,Duplication,1,1,1,3,2,
9,11q11,Deletion-Duplication,694,178,18,30,872,
9,11p15.2-p15.1,Deletion,1,0,1,2,1,
9,11p15.5-p13,Duplication,0,1,1,2,1,
9,11p15.5-p15.4,Duplication,0,5,1,2,5,
9,11q12.1,Deletion-Duplication,24,15,11,20,39,
9,11q12.2,Deletion-Duplication,8,4,6,12,12,
9,11q12.3,Deletion-Duplication,11,29,10,18,40,
9,11q13.1,Deletion,15,7,11,17,22,
9,11q13.1-q13.2,Deletion-Duplication,2,1,1,2,3,
9,11q13.2,Deletion-Duplication,20,45,18,33,65,
9,11q13.3,Deletion,62,1,7,17,63,
9,11q13.3-q13.4,Duplication,2,2,4,7,4,
9,11q13.4,Deletion-Duplication,16,15,15,23,31,
9,11q11-q12.1,Deletion,1,4,3,6,5,
9,11q12.1-q12.2,Duplication,3,2,5,8,5,
9,11q12.3-q13.1,Deletion,1,0,1,1,1,
9,11q13,Deletion,8,0,1,4,8,
9,11q13.2-q13.4,Deletion,2,0,2,2,2,
9,11q13.2-q25,Duplication,0,1,1,2,1,
9,11q13.5,Duplication,6,5,7,14,11,
9,11q14.2-q14.3,Deletion,2,0,2,3,2,
9,11q14.3,Deletion-Duplication,54,13,9,17,67,
9,11q22.1,Deletion-Duplication,65,36,16,29,103,
9,11q22.3,Deletion-Duplication,77,123,26,43,200,
9,11q14.1,Deletion-Duplication,159,28,22,39,187,
9,11q14.2,Deletion-Duplication,12,19,10,19,31,
9,11q21,Deletion-Duplication,72,22,11,24,94,
9,11q22.2,Deletion-Duplication,5,1,4,7,6,
9,11q13.4-q13.5,Deletion,1,0,1,2,1,
9,11q13.4-q14.1,Deletion,2,0,1,2,2,
9,11q14,Deletion,1,0,1,1,1,
9,11q14.1-q14.2,Duplication,0,2,1,2,2,
9,11q14.1-q22.2,Deletion,1,0,1,2,1,
9,11q14.1-q22.3,Deletion,2,0,1,2,2,
9,11q21-q22.1,Deletion-Duplication,1,1,1,1,2,
9,11q22.1-q22.2,Duplication,0,1,1,2,1,
9,11q22.1-q25,Duplication,0,1,1,2,1,
9,11q23.1,Deletion-Duplication,22,3,4,11,25,
9,11q23.2,Deletion,19,5,3,7,24,
9,11q23.3,Deletion-Duplication,20,20,14,26,40,
9,11q24.2,Deletion-Duplication,34,11,13,25,45,
9,11q24.3,Deletion-Duplication,17,9,11,17,26,
9,11q24.1,Deletion-Duplication,9,10,6,13,19,
9,11q22.3-q23.1,Deletion,1,0,1,2,1,
9,11q23.2-q23.3,Duplication,0,2,1,2,2,
9,11q23.3-q24.1,Duplication,0,1,1,2,1,
9,11q23.3-q25,Deletion,8,4,4,5,12,
9,11q24.1-q24.2,Deletion,1,0,1,2,1,
9,11q24.1-q24.3,Duplication,0,1,1,2,1,
9,11q24.1-q25,Deletion-Duplication,11,1,4,5,12,
9,11q24.2-q24.3,Deletion,2,0,2,3,2,
9,11q24.2-q25,Deletion,12,1,6,9,13,
9,11q24.3-q25,Deletion,7,3,8,10,10,
9,11q25,Deletion-Duplication,58,123,22,39,181,
9,11p14.2-p14.1,Duplication,1,1,1,2,2,
9,11q13.2-q13.3,Deletion,1,0,1,1,1,
9,11q21-q22.3,Deletion,1,0,1,1,1,
9,11p14.1-p11.2,Deletion,1,0,1,1,1,
9,11p14.2-p12,Deletion,4,0,1,1,4,
9,11p14.3-p11.2,Deletion,1,0,1,1,1,
9,11p14.3-p13,Deletion,2,0,1,1,2,
9,11p15.1-p12,Deletion,1,0,1,1,1,
9,11p15.1-p13,Deletion,2,0,1,1,2,
9,12p11.21,Deletion-Duplication,34,64,9,16,98,
9,12p11.22,Deletion-Duplication,21,11,7,13,32,
9,12p12.1,Deletion-Duplication,71,25,13,23,96,
9,12p11.1,Deletion-Duplication,42,111,11,23,153,
9,12p11.1-q12,Duplication,0,4,1,3,4,
9,12p11.23,Duplication,51,18,9,17,71,
9,12p11.21-p11.1,Duplication,0,1,1,1,1,
9,12p11.21-q11,Deletion,1,0,1,1,1,
9,12p11.22-p11.21,Deletion,1,0,1,1,1,
9,12p12.2,Deletion-Duplication,37,5,8,15,42,
9,12p12.3,Deletion-Duplication,34,84,15,28,118,
9,12p13.1,Deletion,10,8,10,16,18,
9,12p13.2,Deletion-Duplication,73,23,15,23,96,
9,12p13.31,Deletion-Duplication,163,104,27,40,267,
9,12p12.2-p12.1,Deletion,24,0,8,14,24,
9,12p12.1-p11.1,Deletion,1,0,1,1,1,
9,12p12.1-p11.21,Deletion,1,0,1,2,1,
9,12p12.1-p11.22,Deletion,2,0,1,1,2,
9,12p12.1-p11.23,Deletion,1,0,1,1,1,
9,12p12.2-p11.23,Deletion,1,0,1,1,1,
9,12p12.3-p11.22,Deletion,4,0,4,7,4,
9,12p12.3-p11.23,Deletion,3,0,2,3,3,
9,12p12.3-p12.1,Duplication,0,1,1,3,1,
9,12p13.1-p11.23,Deletion,1,0,1,1,1,
9,12p13.1-p12.1,Deletion,1,0,1,1,1,
9,12p13.1-p12.3,Deletion,2,0,1,1,2,
9,12p13.2-p12.3,Deletion,1,0,1,2,1,
9,12p13.2-p13.1,Deletion,3,0,3,4,3,
9,12p13.33,Deletion-Duplication,159,39,30,46,198,
9,12p13.32,Deletion-Duplication,14,14,11,21,28,
9,12p13.32-p13.31,Duplication,0,1,1,2,1,
9,12p13.33-p11.1,Duplication,0,5,3,4,5,
9,12p13.33-p11.22,Deletion,1,0,1,2,1,
9,12p13.33-p12.1,Duplication,0,1,1,2,1,
9,12p13.33-p12.2,Duplication,0,1,1,1,1,
9,12p13.33-p13.31,Duplication,0,3,2,3,3,
9,12p13.33-p13.32,Deletion,7,3,5,7,10,
9,12p13.33-q12,Duplication,0,1,1,1,1,
9,12q12,Deletion-Duplication,66,33,20,33,100,
9,12q13.12,Deletion-Duplication,5,20,6,12,25,
9,12q13.13,Deletion-Duplication,47,76,16,29,123,
9,12q13.2,Deletion,8,15,6,11,23,
9,12q13.3,Deletion-Duplication,38,25,9,14,63,
9,12q14.1,Deletion-Duplication,40,13,13,23,53,
9,12q14.2,Deletion-Duplication,17,38,5,11,55,
9,12q11,Deletion-Duplication,9,47,3,6,56,
9,12q11-q12,Duplication,3,9,3,7,13,
9,12q13.11,Deletion-Duplication,5,9,7,14,14,
9,12q13.12-q13.13,Duplication,0,2,1,3,2,
9,12q13.2-q13.3,Duplication,0,5,3,8,5,
9,12q12-q13.11,Deletion,1,0,1,2,1,
9,12q12-q24.33,Duplication,0,1,1,1,1,
9,12q13.13-q13.2,Deletion,1,0,1,1,1,
9,12q13.2-q14.1,Duplication,0,2,2,3,2,
9,12q13.3-q14.1,Deletion,5,0,3,4,5,
9,12q13.3-q14.2,Deletion,2,0,2,3,2,
9,12q13.3-q14.3,Deletion,1,0,1,1,1,
9,12q13.3-q15,Deletion,1,0,1,1,1,
9,12q14.1-q14.2,Duplication,0,1,1,2,1,
9,12q14.3,Deletion-Duplication,11,4,7,12,15,
9,12q15,Deletion-Duplication,13,15,9,17,28,
9,12q21.1,Deletion-Duplication,55,11,10,17,66,
9,12q21.2,Deletion-Duplication,27,31,10,19,58,
9,12q21.32,Deletion-Duplication,26,12,5,9,38,
9,12q23.1,Deletion-Duplication,60,15,17,34,75,
9,12q23.2,Deletion-Duplication,4,10,8,16,14,
9,12q23.3,Deletion-Duplication,21,19,9,18,40,
9,12q24.11,Deletion-Duplication,5,20,11,18,25,
9,12q15-q21.1,Deletion,1,2,1,3,3,
9,12q21.1-q21.2,Duplication,0,3,2,4,3,
9,12q21.31,Deletion-Duplication,102,26,17,30,128,
9,12q21.33,Deletion-Duplication,9,8,9,16,18,
9,12q22,Deletion-Duplication,7,7,7,12,14,
9,12q24.12,Deletion-Duplication,8,31,8,14,39,
9,12q14.2-q15,Deletion,1,0,1,2,1,
9,12q14.3-q15,Deletion,1,1,2,4,2,
9,12q15-q21.2,Duplication,1,1,2,3,2,
9,12q15-q21.31,Deletion,1,0,1,2,1,
9,12q21.2-q21.31,Duplication,2,4,6,9,9,
9,12q21.31-q21.32,Duplication,0,1,1,1,1,
9,12q21.31-q21.33,Deletion,1,0,1,1,1,
9,12q21.32-q22,Deletion,1,0,1,1,1,
9,12q22-q23.1,Duplication,0,1,1,1,1,
9,12q23.1-q23.2,Duplication,0,2,1,1,2,
9,12q23.1-q24.11,Deletion,1,0,1,2,1,
9,12q23.3-q24.12,Deletion,1,0,1,1,1,
9,12q23.3-q24.13,Deletion,1,0,1,2,1,
9,12q24.13,Deletion,13,8,6,14,21,
9,12q24.21,Deletion-Duplication,9,8,7,10,17,
9,12q24.22,Duplication,3,7,5,8,10,
9,12q24.23,Deletion-Duplication,20,9,5,10,29,
9,12q24.31,Deletion-Duplication,46,69,25,37,115,
9,12q24.12-q24.13,Duplication,0,15,5,9,15,
9,12q24.13-q24.21,Duplication,0,3,3,4,3,
9,12q24.21-q24.22,Duplication,1,1,2,3,2,
9,12q24.21-q24.23,Duplication,0,1,1,1,1,
9,12q24.21-q24.33,Duplication,0,3,3,6,3,
9,12q24.22-q24.23,Duplication,0,1,1,2,1,
9,12q24.23-q24.31,Duplication,0,1,1,2,1,
9,12q24.23-q24.33,Duplication,0,2,1,2,2,
9,12q24.33,Deletion-Duplication,63,56,29,47,119,
9,12q24.32,Deletion-Duplication,102,50,10,20,152,
9,12q24.32-q24.33,Duplication,0,6,4,7,6,
9,12q24.31-q24.32,Duplication,0,1,1,2,1,
9,12q24.31-q24.33,Deletion-Duplication,1,5,2,3,6,
9,12q11-q13.11,Duplication,0,2,1,1,2,
9,13q11,Deletion-Duplication,4,31,2,4,35,
9,13q12.11,Deletion-Duplication,42,323,20,32,365,
9,13q11-q12.11,Duplication,1,1,3,5,3,
9,13q11-q13.3,Duplication,0,1,1,2,1,
9,13q11-q21.1,Deletion,1,0,1,2,1,
9,13q11-q34,Duplication,0,2,1,2,2,
9,13q12.3,Deletion-Duplication,8,6,6,11,14,
9,13q13.1,Deletion,11,2,5,8,13,
9,13q13.3,Deletion,32,4,10,15,36,
9,13q12.12,Deletion-Duplication,23,55,21,34,78,
9,13q12.13,Deletion,10,4,7,12,14,
9,13q13.1-q13.2,Duplication,0,2,1,2,2,
9,13q13.3-q14.11,Deletion,1,1,1,3,2,
9,13q14.11,Deletion-Duplication,17,73,18,36,90,
9,13q14.12,Deletion,15,0,3,6,15,
9,13q12.11-q12.12,Deletion-Duplication,2,6,2,4,8,
9,13q12.11-q12.3,Duplication,0,2,2,3,2,
9,13q12.11-q21.1,,0,0,1,2,1,
9,13q12.11-q21.2,Deletion,1,0,1,2,1,
9,13q12.11-q34,Duplication,0,4,2,4,4,
9,13q12.12-q12.13,Duplication,0,1,1,2,1,
9,13q12.2,Duplication,0,2,1,2,2,
9,13q12.3-q13.1,Deletion,2,0,2,4,2,
9,13q12.3-q13.2,Deletion,2,0,2,4,2,
9,13q12.3-q21.33,Deletion,1,0,1,2,1,
9,13q12.3-q31.1,Duplication,0,1,1,2,1,
9,13q12.3-q31.3,Duplication,0,1,1,2,1,
9,13q13.2,Deletion-Duplication,3,3,5,10,6,
9,13q13.2-q13.3,Duplication,0,1,1,2,1,
9,13q13.2-q34,Duplication,0,1,1,2,1,
9,13q13.3-q14.2,Deletion,1,0,1,2,1,
9,13q13.3-q21.2,Deletion,1,0,1,2,1,
9,13q14.11-q14.12,Deletion,1,0,1,1,1,
9,13q14.11-q14.3,Deletion,1,0,1,2,1,
9,13q14.11-q34,Duplication,0,3,1,2,3,
9,13q14.12-q14.13,Deletion,1,0,1,2,1,
9,13q14.2,Deletion-Duplication,8,21,13,19,29,
9,13q14.3,Deletion-Duplication,13,18,10,16,31,
9,13q21.2,Deletion-Duplication,36,8,10,16,44,
9,13q21.32,Deletion-Duplication,31,18,12,21,49,
9,13q21.1,Deletion-Duplication,83,19,17,28,102,
9,13q21.31,Deletion-Duplication,56,41,12,23,97,
9,13q21.33,Deletion-Duplication,81,20,9,17,102,
9,13q22.1,Deletion,10,0,6,10,10,
9,13q22.2,Deletion-Duplication,8,5,4,7,13,
9,13q22.3,Deletion,5,2,3,5,7,
9,13q31.1,Deletion-Duplication,209,42,15,24,251,
9,13q14.12-q14.2,Deletion,1,0,1,1,1,
9,13q14.12-q31.3,Deletion,1,0,1,2,1,
9,13q14.13,Deletion,1,0,1,2,1,
9,13q14.13-q14.2,Duplication,0,1,1,2,1,
9,13q14.2-q14.3,Deletion,1,0,1,1,1,
9,13q14.2-q21.2,Deletion,1,0,1,2,1,
9,13q14.3-q21.1,Duplication,0,1,1,2,1,
9,13q14.3-q21.31,Deletion,1,0,1,1,1,
9,13q21.1-q21.2,Deletion,1,0,1,2,1,
9,13q21.1-q34,,0,0,1,2,1,
9,13q21.31-q21.32,Duplication,0,2,2,3,2,
9,13q21.31-q31.3,Deletion,1,0,1,2,1,
9,13q21.33-q31.1,Duplication,1,1,2,3,2,
9,13q22.1-q34,Duplication,0,1,1,2,1,
9,13q22.2-q31.3,Deletion,1,0,1,1,1,
9,13q22.3-q31.1,Duplication,0,2,1,2,2,
9,13q31.2,Deletion-Duplication,13,15,5,9,28,
9,13q31.3-q32.1,Deletion-Duplication,2,1,2,4,3,
9,13q32.3,Deletion,6,3,3,6,9,
9,13q33.3,Deletion-Duplication,9,2,1,4,11,
9,13q31.2-q31.3,Duplication,3,5,6,11,8,
9,13q31.3,Deletion-Duplication,31,21,14,23,52,
9,13q32.1,Deletion-Duplication,19,33,10,19,52,
9,13q32.2,Deletion,7,0,2,5,7,
9,13q33.1,Deletion-Duplication,23,19,8,18,42,
9,13q33.2,Deletion-Duplication,25,8,7,14,33,
9,13q34,Deletion-Duplication,49,113,20,34,162,
9,13q31.1-q32.1,Deletion,2,0,1,2,2,
9,13q31.1-q33.2,Duplication,0,1,1,2,1,
9,13q31.1-q34,Deletion-Duplication,1,1,1,2,2,
9,13q31.2-q32.1,Deletion,1,0,1,2,1,
9,13q31.2-q32.3,Deletion,1,0,1,2,1,
9,13q31.3-q32.3,Duplication,0,1,1,1,1,
9,13q31.3-q33.1,Duplication,0,1,1,2,1,
9,13q31.3-q34,Deletion,1,0,1,2,1,
9,13q32.1-q32.2,Deletion,1,0,1,2,1,
9,13q32.1-q32.3,Duplication,0,1,1,2,1,
9,13q32.2-q32.3,Deletion-Duplication,3,2,4,8,5,
9,13q32.2-q33.1,Deletion,1,0,1,1,1,
9,13q32.3-q33.1,Deletion-Duplication,2,1,1,2,3,
9,13q32.3-q33.3,Duplication,0,1,1,1,1,
9,13q32.3-q34,Deletion-Duplication,1,2,1,2,3,
9,13q33.1-q33.2,Deletion,2,0,2,3,2,
9,13q33.1-q34,Deletion,8,0,3,5,8,
9,13q33.2-q34,Deletion-Duplication,10,1,2,4,11,
9,13q33.3-q34,Deletion-Duplication,15,2,3,5,17,
9,13q33.3-qter,Deletion,1,0,1,1,1,
9,14q11.2,Deletion-Duplication,230,132,43,59,363,
9,14q11.1,Deletion-Duplication,64,63,1,2,127,
9,14p13-q12,Duplication,0,1,1,1,1,
9,14q11.1-q11.2,Deletion-Duplication,1,4,5,6,5,
9,14q12,Deletion-Duplication,59,37,20,31,96,
9,14q21.1,Deletion-Duplication,41,11,12,19,52,
9,14q21.2,Deletion-Duplication,44,34,11,20,78,
9,14q21.3,Deletion-Duplication,276,43,13,25,319,
9,14q13.1,Deletion-Duplication,8,6,7,12,14,
9,14q13.2,Deletion-Duplication,13,20,9,15,33,
9,14q13.3,Deletion-Duplication,7,2,4,8,9,
9,14q21.2-q21.3,Deletion-Duplication,3,10,6,9,13,
9,14q11.2-q12,Duplication,1,3,4,5,4,
9,14q11.2-q21.1,Duplication,0,2,1,2,2,
9,14q11.2-q21.2,Deletion,1,0,1,2,1,
9,14q11.2-q21.3,Deletion,1,0,1,2,1,
9,14q12-q21.3,Duplication,0,1,1,2,1,
9,14q13.1-q13.3,Deletion,1,0,1,2,1,
9,14q13.1-q21.1,Deletion,1,0,1,1,1,
9,14q13.11,Deletion,1,0,1,1,1,
9,14q13.3-q21.1,Deletion,3,0,2,3,3,
9,14q21.1-q21.2,Deletion,1,0,1,2,1,
9,14q22.3,Deletion,7,3,5,9,10,
9,14q22.1,Deletion-Duplication,10,6,6,9,16,
9,14q22.2,Deletion,11,4,7,12,15,
9,14q23.1,Deletion-Duplication,16,8,8,14,24,
9,14q23.2,Deletion-Duplication,31,40,16,27,71,
9,14q21.3-q22.1,Deletion,1,0,1,2,1,
9,14q22.1-q22.3,Deletion,1,0,1,1,1,
9,14q22.1-q23.1,Deletion,1,0,1,2,1,
9,14q22.2-q22.3,Deletion,2,0,2,4,2,
9,14q23.1-q23.3,Deletion,2,0,1,2,2,
9,14q23.2-q23.3,Deletion,4,0,4,6,4,
9,14q23.3,Deletion-Duplication,41,15,18,31,56,
9,14q24.3,Deletion-Duplication,59,25,19,31,84,
9,14q24.3-q31.1,Deletion,13,0,7,10,13,
9,14q32.11-q32.12,Duplication,0,1,1,2,1,
9,14q32.12,Deletion,9,10,6,12,19,
9,14q24.1,Deletion-Duplication,10,12,7,13,22,
9,14q24.2,Deletion-Duplication,8,26,10,18,34,
9,14q31.1,Deletion,46,6,14,23,52,
9,14q31.2,Deletion-Duplication,9,10,6,11,19,
9,14q31.2-q31.3,Deletion,2,1,1,3,3,
9,14q31.3,Deletion-Duplication,194,15,16,24,209,
9,14q32.11,Deletion-Duplication,3,4,4,8,7,
9,14q23.3-q24.1,Duplication,0,2,2,3,2,
9,14q24.2-q24.3,Duplication,0,1,1,2,1,
9,14q24.2-q32.2,Duplication,0,1,1,2,1,
9,14q31.1-q31.2,Deletion,1,0,1,1,1,
9,14q31.1-q31.3,Duplication,3,1,2,2,4,
9,14q31.2-q32.33,Duplication,0,1,1,2,1,
9,14q31.3-q32.31,Deletion,1,0,1,1,1,
9,14q31.3-q32.33,Duplication,0,1,1,2,1,
9,14q32.11-q32.13,Deletion,1,0,1,2,1,
9,14q32.2,Deletion-Duplication,62,29,18,31,91,
9,14q32.31,Deletion-Duplication,13,14,11,21,27,
9,14q32.13,Deletion-Duplication,10,4,5,10,14,
9,14q32.12-q32.33,Duplication,0,1,1,2,1,
9,14q32.13-q32.2,Duplication,0,1,1,2,1,
9,14q32.13-q32.33,Duplication,0,1,1,2,1,
9,14q32.2-q32.3,Deletion,1,0,1,1,1,
9,14q32.2-q32.31,Deletion,3,0,2,2,3,
9,14q32.2-q32.32,Deletion,1,0,1,1,1,
9,14q32.2-q32.33,Deletion,6,0,2,3,6,
9,14q32.31-q32.32,Duplication,1,1,2,2,2,
9,14q32.31-q32.33,Deletion-Duplication,3,3,4,6,6,
9,14q12-q13.3,Deletion,1,0,1,1,1,
9,14q24.3-q32.33,Duplication,0,1,1,1,1,
9,14q32.32,Duplication,2,1,2,4,3,
9,14q32.33,Deletion-Duplication,79,83,30,48,162,
9,14q32.32-q32.33,Deletion,1,0,1,1,1,
9,14q32.33-qter,Deletion,4,0,1,2,4,
9,15q11-q13,Duplication,0,18,9,14,18,Array
9,15q13.3,Deletion-Duplication,89,319,64,98,412,Array
9,15q11.2,Deletion-Duplication,571,1556,83,119,2127,
9,15pter-q13.3,Duplication,0,1,1,1,1,
9,15q11-q13.33,Duplication,0,1,1,2,1,
9,15q11.1-q11.2,Duplication,3,2,5,5,5,
9,15q11.1-q12,Duplication,0,2,2,3,2,
9,15q11.1-q13.1,Duplication,0,19,7,10,20,
9,15q11.1-q13.2,Duplication,0,2,2,3,3,
9,15q11.1-q13.3,Duplication,0,1,1,1,1,
9,15q11.2-q13.1,Duplication,117,236,51,64,358,
9,15q11.2-q12,Duplication,1,10,6,10,11,
9,15q12,Deletion-Duplication,7,11,9,16,18,
9,15q13.1,Deletion-Duplication,23,16,12,21,41,
9,15q13.2,Deletion-Duplication,52,10,15,21,62,
9,15q13,Duplication,0,4,1,2,4,
9,15q13.1-q13.2,Deletion-Duplication,14,8,10,18,22,
9,15q11.2-q13.2,Duplication,2,5,3,4,9,
9,15q11.2-q13.3,Duplication,0,13,10,14,16,
9,15q11.2-q14,Duplication,0,3,3,3,3,
9,15q12-q13.1,Duplication,1,2,3,5,3,
9,15q12.1,Duplication,0,1,1,2,1,
9,15q13.1-q13.3,Deletion,18,10,16,23,28,
9,15q13.1-q14,Duplication,0,1,1,1,1,
9,15q14,Deletion-Duplication,59,27,22,33,86,
9,15q13.2-q13.3,Deletion-Duplication,220,74,37,51,295,
9,15q13.3-q14,Deletion-Duplication,3,2,2,4,5,
9,15q13.3-q15.1,Deletion,1,0,1,2,1,
9,15q15.1,Deletion-Duplication,20,25,9,18,45,
9,15q15.3,Deletion-Duplication,67,22,10,18,89,
9,15q21.1,Deletion-Duplication,63,14,8,16,77,
9,15q21.2,Deletion-Duplication,11,13,8,15,24,
9,15q21.3,Deletion-Duplication,210,58,17,28,268,
9,15q22.2,Deletion-Duplication,25,11,8,15,36,
9,15q15.2,Deletion,9,4,4,10,13,
9,15q21.3-q22.2,Deletion,8,3,6,8,11,
9,15q22.1,Deletion,21,0,5,11,21,
9,15q14-q15.1,Duplication,0,2,1,2,2,
9,15q15.3-q21.1,Duplication,0,1,1,2,1,
9,15q21.1-q21.2,Deletion,1,1,2,4,2,
9,15q21.1-q21.3,Deletion,3,0,2,3,3,
9,15q21.2-q22.2,Deletion,1,0,1,2,1,
9,15q21.2-q26.3,Duplication,0,1,1,1,1,
9,15q21.3-q22.1,Deletion,1,0,1,2,1,
9,15q21.3-q22.31,Deletion,1,0,1,1,1,
9,15q22.31,Deletion-Duplication,12,6,11,20,18,
9,15q23,Deletion-Duplication,35,10,13,21,45,
9,15q24.1,Deletion-Duplication,15,8,12,22,23,
9,15q24.2,Deletion,16,5,9,16,21,
9,15q25.1,Deletion-Duplication,7,11,7,12,18,
9,15q25.3,Deletion-Duplication,102,26,15,26,128,
9,15q24.1-q24.2,Deletion,35,16,6,9,51,
9,15q24.2-q24.3,Deletion-Duplication,5,10,1,6,15,
9,15q24.3,Deletion-Duplication,8,22,4,7,30,
9,15q25.2,Deletion-Duplication,23,39,15,27,62,
9,15q25.2-q25.3,Deletion,14,1,8,14,15,
9,15q22.33-q23,Deletion,1,0,1,2,1,
9,15q23-q24,Duplication,0,1,1,2,1,
9,15q23-q24.1,Deletion,9,1,9,15,10,
9,15q23-q24.2,Deletion,3,0,3,7,3,
9,15q23-q25.1,Deletion,1,0,1,1,1,
9,15q24,Duplication,4,4,2,5,8,
9,15q24.2-q26.3,Duplication,0,1,1,2,1,
9,15q24.3-q25.1,Duplication,0,2,2,3,2,
9,15q24.3-q26.3,Duplication,0,1,1,2,1,
9,15q25.2-q26.1,Deletion,1,0,1,1,1,
9,15q25.2-q26.3,Duplication,0,1,1,2,1,
9,15q26.1,Deletion-Duplication,72,25,24,41,98,
9,15q26.3,Deletion-Duplication,65,149,33,51,217,
9,15q26.2,Deletion-Duplication,254,13,14,23,267,
9,15q26.1-q26.2,Duplication,0,3,3,5,3,
9,15q26.1-q26.3,Duplication,0,1,1,2,1,
9,15q26.2-q26.3,Deletion-Duplication,7,1,4,5,8,
9,15q11.1-q14,Deletion,1,0,1,1,1,
9,16p11.2,Deletion-Duplication,755,747,100,161,1509,Array
9,16p11.1,Deletion-Duplication,89,41,5,7,130,
9,16p12.2,Deletion-Duplication,60,39,24,35,99,
9,16p12.1,Deletion-Duplication,193,41,19,32,234,
9,16p11.2-p11.1,Duplication,0,10,5,6,10,
9,16p12.1-p11.2,Duplication,1,3,3,6,4,
9,16p12.1-q11.2,Deletion,1,0,1,1,1,
9,16p12.1-q12.1,Deletion,1,0,1,1,1,
9,16p12.2-p11.2,Duplication,25,24,10,12,49,
9,16p12.2-p12.1,Duplication,8,9,7,13,17,
9,16p12.3,Deletion-Duplication,31,44,16,27,75,
9,16p13.11,Deletion-Duplication,203,401,47,75,617,
9,16p12.3-p12.2,Duplication,0,1,1,2,1,
9,16p13,Deletion,6,0,1,4,6,
9,16p13.12,Deletion-Duplication,17,13,14,21,30,
9,16p13.2,Deletion-Duplication,119,98,34,52,217,
9,16p13.3,Deletion-Duplication,275,188,45,70,465,
9,16p13.11-p12.3,Deletion-Duplication,28,47,18,25,75,
9,16p13.13,Deletion-Duplication,5,9,5,10,14,
9,16p13.2-p13.13,Deletion,8,2,3,5,10,
9,16p13.11-p11.2,Duplication,0,1,1,2,1,
9,16p13.12-p12.3,Duplication,0,1,1,2,1,
9,16p13.12-p13.11,Deletion-Duplication,8,7,6,9,15,
9,16p13.13-p13.11,Deletion,1,0,1,2,1,
9,16p13.13-p13.12,Duplication,0,4,4,6,4,
9,16p13.13-p13.2,Deletion,1,0,1,1,1,
9,16q12.1,Deletion-Duplication,29,4,10,18,33,
9,16q21,Deletion-Duplication,74,11,15,27,85,
9,16q22.1,Deletion-Duplication,51,67,21,40,118,
9,16q22.2,Deletion,10,0,4,7,10,
9,16p13.3-p13.2,Deletion,16,3,5,9,19,
9,16q11.2,Deletion-Duplication,3,16,3,5,19,
9,16q12.2,Deletion-Duplication,53,37,13,22,90,
9,16q12.2-q13,Duplication,0,7,2,3,7,
9,16q13,Deletion-Duplication,2,16,4,7,18,
9,16q22.3,Deletion-Duplication,35,37,8,15,72,
9,16p13.3-p13.11,Duplication,0,1,1,1,1,
9,16p13.3-p13.12,Duplication,0,3,2,3,3,
9,16p13.3-p13.13,Deletion-Duplication,1,3,2,4,4,
9,16q11.2-q12.1,Deletion-Duplication,3,1,1,2,4,
9,16q12.1-q12.2,Deletion,2,0,1,2,2,
9,16q13-q21,Duplication,0,1,1,2,1,
9,16q13-q22.3,Duplication,0,1,1,2,1,
9,16q21-q22.1,Deletion,4,1,3,5,5,
9,16q21-q23.1,Duplication,0,1,1,2,1,
9,16q21-q24.3,Duplication,0,1,1,2,1,
9,16q22.1-q22.2,Deletion,1,2,2,3,3,
9,16q22.1-q22.3,Duplication,3,1,4,6,4,
9,16q22.1-q23.1,Deletion,1,0,1,2,1,
9,16q22.1-q24.3,Duplication,0,1,1,2,1,
9,16q22.2-q22.3,Deletion,1,0,1,2,1,
9,16q23.1,Deletion-Duplication,161,96,35,57,257,
9,16q23.2,Deletion-Duplication,64,18,14,24,82,
9,16q23.2-q23.3,Deletion,2,0,1,1,2,
9,16q24.1,Deletion-Duplication,49,23,18,30,72,
9,16q23.3,Deletion-Duplication,39,31,20,33,70,
9,16q22.3-q23.1,Duplication,1,2,2,4,3,
9,16q22.3-q23.3,Deletion,1,0,1,2,1,
9,16q23.1-q23.2,Deletion,1,2,3,4,3,
9,16q23.1-q24.2,Deletion,1,0,1,2,1,
9,16q23.1-q24.3,Duplication,1,2,2,3,3,
9,16q23.2-q24.1,Deletion,6,0,6,10,6,
9,16q23.2-q24.3,Duplication,0,1,1,1,1,
9,16q23.3-q24.1,Deletion,4,1,3,4,5,
9,16q23.3-q24.2,Deletion,1,0,1,2,1,
9,16q23.3-q24.3,Duplication,0,1,1,2,1,
9,16q24.2,Deletion-Duplication,51,12,9,14,63,
9,16q24.3,Deletion-Duplication,73,28,23,34,101,
9,16q24.1-q24.2,Deletion,4,1,2,3,5,
9,16q24.1-q24.3,Deletion-Duplication,1,2,3,5,3,
9,16q24.2-q24.3,Deletion,23,2,9,11,25,
9,16qter,Duplication,0,1,1,1,1,
9,16q22.2-q24.1,Duplication,0,1,1,1,1,
9,17p11.2,Deletion-Duplication,167,135,44,62,303,Array
9,17p12,Deletion-Duplication,104,72,32,49,180,
9,17p12-p11.2,Duplication,3,27,6,10,30,
9,17p11.2-p11.1,Deletion-Duplication,2,2,3,4,4,
9,17p13.1,Deletion-Duplication,83,69,26,40,153,
9,17p13.2,Deletion-Duplication,65,32,20,35,97,
9,17p13.3,Deletion-Duplication,195,229,45,63,425,
9,17p13.2-p13.1,Duplication,11,6,8,17,17,
9,17p12-q11.1,Duplication,0,5,1,1,5,
9,17p12-q11.2,Duplication,0,1,1,1,1,
9,17p13,Deletion,1,0,1,2,1,
9,17p13.1-p11.2,Duplication,0,5,2,3,5,
9,17q11.2,Deletion-Duplication,49,43,20,33,93,
9,17q12,Deletion-Duplication,238,227,55,90,467,
9,17q11.1,Deletion,19,2,6,10,21,
9,17p13.3-p11.2,Duplication,0,1,1,1,1,
9,17p13.3-p12,Duplication,0,3,2,3,3,
9,17p13.3-p13.1,Deletion-Duplication,2,3,4,6,5,
9,17p13.3-p13.2,Duplication,4,16,9,12,20,
9,17p13.3-q11.1,Duplication,0,1,1,1,1,
9,17pter-p13.1,Duplication,0,1,1,1,1,
9,17q11-q21.3,Deletion-Duplication,1,1,1,2,2,
9,17q11.1-q11.2,Duplication,0,2,2,3,2,
9,17q11.1-q12,Duplication,0,1,1,1,1,
9,17q11.2-q12,Deletion,1,0,1,2,1,
9,17q21.1,Deletion,2,0,2,3,2,
9,17q21.2,Deletion-Duplication,40,23,7,12,63,
9,17q21.31,Duplication,124,57,39,56,181,
9,17q21.32,Deletion-Duplication,6,19,13,21,25,
9,17q21.33,Deletion-Duplication,9,8,7,12,17,
9,17q22,Deletion-Duplication,48,33,18,36,81,
9,17q12-q21.1,Duplication,0,1,1,1,1,
9,17q12-q21.31,Duplication,0,1,1,2,1,
9,17q12-q25.3,Duplication,0,1,1,1,1,
9,17q21.2-q21.32,Duplication,0,1,1,1,1,
9,17q21.31-q21.32,Deletion,13,2,5,7,15,
9,17q21.31-q21.33,Duplication,0,1,1,2,1,
9,17q21.32-q21.33,Deletion,3,0,2,3,3,
9,17q21.32-q24.3,Duplication,0,1,1,2,1,
9,17q21.33-q22,Deletion,1,0,1,2,1,
9,17q21.33-q24.2,Duplication,0,1,1,2,1,
9,17q23.2,Deletion,18,4,7,13,22,
9,17q23.3,Deletion-Duplication,41,14,11,19,55,
9,17q24.2,Deletion,74,1,12,20,75,
9,17q24.3,Deletion-Duplication,43,15,7,12,58,
9,17q24.3-q25.1,Deletion,2,0,1,2,2,
9,17q25.3,Deletion-Duplication,52,123,24,41,175,
9,17q22-q23.1,Duplication,0,4,1,3,4,
9,17q23.1,Deletion,12,1,2,5,13,
9,17q23.1-q23.2,Deletion,2,2,1,4,4,
9,17q24.1,Duplication,3,5,5,9,8,
9,17q24.2-q24.3,Deletion,3,0,2,4,3,
9,17q25.1,Deletion-Duplication,44,50,22,34,94,
9,17q25.2,Deletion-Duplication,19,9,5,11,28,
9,17q23.2-q24.2,Duplication,0,1,1,2,1,
9,17q23.2-q25.3,Duplication,0,1,1,2,1,
9,17q23.3-q24.2,Deletion,1,0,1,1,1,
9,17q23.3-q24.3,Duplication,0,1,1,2,1,
9,17q24.1-q24.3,Deletion,1,0,1,1,1,
9,17q24.3-q25.3,Duplication,0,1,1,2,1,
9,17q25.1-q25.2,Duplication,0,8,1,2,8,
9,17q25.1-q25.3,Duplication,0,2,2,2,2,
9,17q25.2-q25.3,Duplication,0,1,1,2,1,
9,18p11.31,Deletion-Duplication,35,13,11,19,48,
9,18p11.21,Deletion-Duplication,33,39,15,26,72,
9,18p11.22,Deletion-Duplication,6,8,9,15,14,
9,18p11.23,Deletion,6,0,3,6,6,
9,18p11.31-p11.23,Duplication,2,18,9,15,20,
9,18p11.32,Deletion-Duplication,102,50,20,31,152,
9,18p11.2-q11.1,Duplication,0,1,1,2,1,
9,18p11.22-p11.21,Duplication,2,4,4,5,6,
9,18p11.23-p11.22,Duplication,0,1,1,2,1,
9,18p11.3,Duplication,0,1,1,1,1,
9,18p11.31-p11.21,Duplication,0,1,1,2,1,
9,18p11.31-p11.22,Deletion,2,1,3,4,3,
9,18p11.32-p11.21,Duplication,13,6,6,7,20,
9,18q12.1,Deletion-Duplication,53,36,16,27,89,
9,18p11.32-p11.31,Deletion-Duplication,8,4,5,8,12,
9,18p11.32-p11.22,Deletion,4,0,2,3,4,
9,18p11.32-p11.23,Deletion,2,0,2,3,2,
9,18p11.32-q11.1,Duplication,1,2,2,3,3,
9,18p11.32-q23,Duplication,0,9,2,4,9,
9,18pter-p11.32,Deletion,1,0,1,2,1,
9,18q11.2-q12.2,Deletion,1,0,1,1,1,
9,18q11.2,Deletion-Duplication,19,14,11,19,33,
9,18q12.2,Deletion-Duplication,31,16,17,27,47,
9,18q12.3,Deletion-Duplication,52,16,14,24,68,
9,18q21.1,Deletion-Duplication,15,34,12,25,49,
9,18q21.2,Deletion-Duplication,19,16,14,23,36,
9,18q21.32,Deletion-Duplication,26,34,10,15,60,
9,18q21.33,Deletion-Duplication,6,6,4,8,12,
9,18q11.1,Duplication,0,7,4,7,7,
9,18q21.31,Deletion-Duplication,14,8,10,18,22,
9,18q22.1,Deletion-Duplication,165,132,22,37,297,
9,18q11.1-q11.2,Duplication,0,2,1,2,2,
9,18q11.1-q12.1,Duplication,0,1,1,2,1,
9,18q11.1-q23,Duplication,0,2,1,2,2,
9,18q11.2-q12.1,Duplication,0,1,1,1,1,
9,18q12,Deletion,1,0,1,1,1,
9,18q12.1-q12.2,Deletion,2,1,3,4,3,
9,18q12.1-q12.3,Deletion-Duplication,3,1,1,2,4,
9,18q12.1-q22.1,Duplication,0,1,1,2,1,
9,18q12.11,Duplication,0,1,1,1,1,
9,18q12.2-q12.3,Deletion,3,1,2,3,4,
9,18q12.2-q21.1,Deletion,1,0,1,2,1,
9,18q12.3-q21.1,,3,1,3,5,5,
9,18q21.1-q23,Duplication,0,2,2,3,2,
9,18q21.2-q21.31,Deletion,3,0,1,2,3,
9,18q21.2-q21.32,Duplication,0,1,1,1,1,
9,18q21.2-q22.1,Deletion,1,0,1,2,1,
9,18q21.2-q23,Deletion,4,0,3,5,4,
9,18q21.31-q21.32,Duplication,0,2,2,3,2,
9,18q21.31-q23,Deletion,2,0,1,2,2,
9,18q21.32-q21.33,Deletion,1,0,1,2,1,
9,18q21.32-q23,Deletion,4,0,4,6,4,
9,18q21.33-q23,Deletion-Duplication,2,1,2,3,3,
9,18q22.3,Deletion-Duplication,53,26,15,27,79,
9,18q22.1-q22.2,Deletion,14,1,6,10,15,
9,18q22.2,Deletion-Duplication,15,11,8,15,26,
9,18q23,Deletion-Duplication,48,56,21,34,106,
9,18q22.1-q23,Deletion-Duplication,8,1,4,5,9,
9,18q22.2-q23,Deletion,1,0,1,2,1,
9,18q22.2-qter,Deletion,1,0,1,1,1,
9,18q22.3-q23,Deletion-Duplication,1,1,1,2,2,
9,18q22.3-qter,Deletion,1,0,1,1,1,
9,18q22.2-q22.3,Duplication,0,1,1,1,1,
9,19p12,Deletion-Duplication,77,75,25,35,152,
9,19p13.11,Deletion-Duplication,16,88,13,23,104,
9,19p13.12,Deletion-Duplication,20,40,16,29,60,
9,19p12-q13.11,Duplication,0,1,1,1,1,
9,19p13,Deletion,11,0,1,4,11,
9,19p13.11-q13.11,Duplication,0,1,1,2,1,
9,19p13.13,Deletion,4,2,4,6,6,
9,19p13.2,Deletion-Duplication,85,79,24,39,165,
9,19p13.12-p12,Duplication,0,1,1,1,1,
9,19p13.12-p13.11,Deletion,4,2,3,4,6,
9,19p13.12-q12,Duplication,0,1,1,2,1,
9,19p13.13-p12,Duplication,0,1,1,1,1,
9,19p13.13-p13.11,Deletion,15,0,2,3,15,
9,19p13.13-p13.12,Deletion,1,0,1,2,1,
9,19p13.3,Deletion-Duplication,99,162,28,47,261,
9,19q13.12,Deletion,19,15,12,20,34,
9,19q13.2,Deletion-Duplication,281,211,17,28,492,
9,19p13.2-p13.11,Duplication,1,4,2,3,5,
9,19p13.2-p13.13,Deletion-Duplication,3,2,3,6,5,
9,19p13.3-p13.2,Deletion-Duplication,1,64,9,16,65,
9,19q12,Deletion-Duplication,37,55,11,20,92,
9,19q13.11,Deletion-Duplication,11,5,9,16,16,
9,19p13.2-p13.12,Deletion-Duplication,3,7,5,6,10,
9,19p13.3-p13.11,Duplication,0,1,1,1,1,
9,19p13.3-p13.12,Duplication,0,1,1,1,1,
9,19q11,Duplication,0,1,1,1,1,
9,19q12-q13.11,Duplication,2,1,2,2,3,
9,19q13.12-q13.2,Deletion,1,0,1,1,1,
9,19q13.12-q13.31,Duplication,0,1,1,2,1,
9,19q13.31,Deletion-Duplication,110,24,19,31,134,
9,19q13.32,Deletion-Duplication,41,47,13,23,88,
9,19q13.33,Deletion-Duplication,58,51,16,27,109,
9,19q13.41,Deletion-Duplication,47,134,18,33,181,
9,19q13.3,Deletion,10,6,2,5,16,
9,19q13.32-q13.33,Duplication,0,4,2,5,4,
9,19q13.33-q13.41,Deletion-Duplication,7,1,3,5,8,
9,19q13.2-q13.31,Deletion,4,0,4,8,4,
9,19q13.32-q13.43,Duplication,0,2,1,2,2,
9,19q13.33-q13.43,Duplication,0,3,1,2,3,
9,19q13.42,Deletion-Duplication,59,67,27,45,126,
9,19q13.43,Deletion-Duplication,31,53,19,35,84,
9,19q13.42-q13.43,Duplication,2,5,4,6,7,
9,19q11-q12,Duplication,0,1,1,1,1,
9,19q13.12-q13.13,Duplication,0,1,1,1,1,
9,20p11.23-p11.21,Deletion,1,0,1,1,1,
9,20q11.21-q11.23,Duplication,0,1,1,2,1,
9,20q13.3,Deletion,1,0,1,1,1,
9,20q13.32-q13.33,Duplication,0,3,2,4,3,
9,20q13.13-q13.32,Duplication,0,1,1,1,1,
9,20q13.2-q13.33,Duplication,0,1,1,1,1,
9,20p11.21,Deletion-Duplication,16,19,11,20,35,
9,20p12.1,Deletion-Duplication,240,32,30,46,272,
9,20p12.2,Deletion,9,5,6,10,14,
9,20p12.3,Deletion-Duplication,28,41,20,33,69,
9,20p11.1,Deletion-Duplication,28,151,5,10,179,
9,20p11.1-q11.1,Deletion-Duplication,3,30,1,2,33,
9,20p11.22,Deletion,13,3,4,7,16,
9,20p11.23,Deletion-Duplication,19,15,12,20,34,
9,20p11.21-p11.1,Duplication,0,2,2,4,2,
9,20p11.22-q11.1,Duplication,0,1,1,2,1,
9,20p12.1-p11.23,Deletion,1,0,1,2,1,
9,20p12.2-q12,Duplication,0,1,1,2,1,
9,20p13,Deletion-Duplication,50,47,30,49,97,
9,20q11.21,Deletion-Duplication,24,28,17,28,52,
9,20q12,Deletion-Duplication,58,11,15,28,69,
9,20q12-q13.11,Duplication,0,2,2,2,2,
9,20q13.12,Deletion-Duplication,78,16,8,18,94,
9,20q13.13,Deletion-Duplication,22,11,9,15,33,
9,20q13.2,Deletion-Duplication,48,21,14,24,69,
9,20p13-p12.3,Duplication,0,2,1,4,2,
9,20q11.23,Deletion-Duplication,46,11,7,13,58,
9,20q13.11,Deletion-Duplication,2,2,2,4,4,
9,20p12.3-p12.2,Duplication,1,3,4,6,5,
9,20p13-p11.21,Duplication,0,1,1,2,1,
9,20p13-p11.22,Duplication,0,1,1,2,1,
9,20p13-p11.23,Duplication,0,2,1,2,2,
9,20p13-p12.1,Duplication,0,1,1,2,1,
9,20q11.1,Duplication,0,1,1,2,1,
9,20q11.1-q11.21,Duplication,0,3,3,6,3,
9,20q11.1-q11.22,Duplication,0,1,1,2,1,
9,20q11.21-q11.22,Duplication,1,1,2,2,2,
9,20q11.22,Deletion,4,5,7,12,9,
9,20q11.22-q11.23,Deletion,1,0,1,1,1,
9,20q11.22-q12,Deletion,1,0,1,2,1,
9,20q11.22-q13.11,Duplication,0,1,1,2,1,
9,20q11.23-q12,Duplication,0,1,1,2,1,
9,20q13.12-q13.13,Duplication,0,2,2,3,2,
9,20q13.12-q13.33,Duplication,0,2,1,2,2,
9,20q13.13-q13.2,Deletion-Duplication,1,1,1,2,2,
9,20q13.32,Deletion,7,3,3,6,10,
9,20q13.33,Deletion-Duplication,93,80,30,48,174,
9,20q13.31,Deletion-Duplication,4,5,3,8,9,
9,20q13.2-q13.3,Duplication,0,1,1,1,1,
9,20q13.31-q13.32,Deletion,1,0,1,2,1,
9,20q13.31-q13.33,Duplication,0,1,1,2,1,
9,21q22.3,Deletion-Duplication,61,130,31,46,191,
9,21p13-q22.3,Duplication,0,12,2,2,12,
9,21q22.12-q22.13,Deletion,1,0,1,1,1,
9,21p11.1,Duplication,1,2,2,4,3,
9,21p11.2,Deletion-Duplication,32,94,3,5,126,
9,21p11.2-p11.1,Deletion-Duplication,2,3,2,3,5,
9,21q11.2,Deletion-Duplication,35,51,10,15,86,
9,21q11.2-q22.3,Duplication,0,34,5,8,34,
9,21p11.2-q11.2,Deletion,1,0,1,2,1,
9,21q11.2-q21.1,Deletion-Duplication,3,3,1,2,6,
9,21q11.2-q21.3,Deletion,2,0,2,4,2,
9,21q11.2-q22.11,Deletion,1,0,1,2,1,
9,21q21.3,Deletion-Duplication,35,22,16,27,57,
9,21q22.11,Deletion-Duplication,24,17,11,18,41,
9,21q22.13,Deletion-Duplication,4,3,5,9,7,
9,21q22.13-q22.2,Deletion,5,0,2,3,5,
9,21q21.1,Deletion-Duplication,118,62,17,27,180,
9,21q21.2,Deletion-Duplication,97,36,6,14,133,
9,21q21.2-q21.3,Deletion,3,0,2,4,3,
9,21q22.11-q22.12,Duplication,1,26,9,16,27,
9,21q22.12,Deletion-Duplication,5,35,12,19,40,
9,21q21.1-q21.2,Deletion,7,2,7,13,9,
9,21q21.1-q21.3,Deletion,1,0,1,1,1,
9,21q21.1-q22.3,Duplication,0,1,1,2,1,
9,21q21.3-q22.11,Duplication,0,3,2,3,3,
9,21q22.11-q22.3,Deletion-Duplication,1,1,1,2,2,
9,21q22.12-q22.2,Duplication,0,2,2,3,2,
9,21q22.12-q22.3,Deletion,1,0,1,2,1,
9,21q22.2,Deletion-Duplication,6,17,7,13,24,
9,21q22.13-q22.3,Deletion,3,0,2,3,3,
9,21q22.2-q22.3,Deletion,2,1,3,4,3,
9,22q11.21,Deletion-Duplication,513,425,72,107,939,Array
9,22q11.23-q12.1,Duplication,4,2,2,5,6,
9,22q11.23-q13.2,Duplication,0,1,1,1,1,
9,22q13,Deletion,1,0,1,1,1,
9,22q13.1-q13.33,Duplication,0,1,1,1,1,
9,22q11.1,Deletion-Duplication,7,69,15,27,76,
9,22q11.1-q11.21,Duplication,3,9,5,6,12,
9,22q11,Deletion-Duplication,10,10,1,2,20,
9,22p13,Deletion,1,0,1,1,1,
9,22q11.1-q11.23,Duplication,0,1,1,2,1,
9,22q11.2,Duplication,2,8,6,7,10,
9,22q11.2-q22.3,Duplication,0,1,1,1,1,
9,22q11.21-q11.22,Deletion-Duplication,12,9,11,16,21,
9,22q11.21-q11.23,Deletion,58,27,5,8,85,
9,22q11.22,Deletion-Duplication,166,66,22,34,232,
9,22q11.23,Deletion-Duplication,51,78,28,40,129,
9,22q12.3,Deletion-Duplication,44,51,22,34,95,
9,22q12.1,Deletion-Duplication,25,12,10,21,37,
9,22q12.2,Deletion-Duplication,2,11,6,12,13,
9,22q11.21-q12.3,Duplication,0,1,1,2,1,
9,22q11.22-q11.23,Duplication,7,10,7,11,17,
9,22q12.1-q12.2,Deletion-Duplication,5,1,3,5,6,
9,22q12.1-q12.3,Duplication,0,1,1,2,1,
9,22q12.3-q13.1,Deletion,4,2,2,3,6,
9,22q13.1,Deletion-Duplication,54,39,23,37,93,
9,22q13.2,Deletion-Duplication,58,52,15,27,110,
9,22q12.3-q13.33,Duplication,0,2,1,2,2,
9,22q13.1-q13.3,Duplication,0,1,1,2,1,
9,22q13.2-q13.31,Duplication,0,2,1,2,2,
9,22q13.2-q13.33,Deletion-Duplication,77,5,9,11,82,
9,22q13.33,Deletion-Duplication,182,31,53,79,213,
9,22q13.31,Deletion-Duplication,23,27,16,30,50,
9,22q13.32,Deletion-Duplication,5,14,3,7,19,
9,22q13.32-q13.33,Duplication,21,19,23,35,41,
9,22q13.3,Deletion,13,0,1,1,13,
9,22q13.31-q13.32,Duplication,0,1,1,1,1,
9,22q13.31-q13.33,Deletion-Duplication,51,3,21,31,54,
9,Xp11.22,Deletion-Duplication,21,30,20,29,51,
9,Xp11.23,Deletion-Duplication,26,196,12,17,222,
9,Xp11.1,Deletion-Duplication,18,25,3,6,43,
9,Xp11.1-q11.1,Duplication,0,292,2,3,293,
9,Xp11.21,Deletion-Duplication,15,14,6,9,29,
9,Xp11.1-q28,Deletion,1,0,1,2,1,
9,Xp11.21-p11.1,Duplication,0,1,1,2,1,
9,Xp11.21-q11.1,Duplication,0,1,1,2,1,
9,Xp11.22-p11.1,Duplication,0,2,1,2,2,
9,Xp11.3,Deletion-Duplication,16,27,14,22,44,
9,Xp11.23-p11.21,Duplication,0,1,1,2,1,
9,Xp11.23-p11.22,Duplication,0,6,5,9,6,
9,Xp11.4,Deletion-Duplication,21,69,25,35,90,
9,Xp21.1,Deletion-Duplication,75,37,22,31,112,
9,Xp21.2-p21.1,Deletion,1,1,2,2,2,
9,Xp21.3,Deletion-Duplication,27,24,11,17,51,
9,Xp21.3-p21.2,Duplication,5,2,6,8,7,
9,Xp22.11,Deletion-Duplication,67,17,16,29,84,
9,Xp22.12,Deletion-Duplication,8,13,9,12,21,
9,Xp22.13,Deletion,9,11,7,10,20,
9,Xp22.2,Deletion-Duplication,32,53,16,23,85,
9,Xp11.4-p11.3,Deletion,4,3,4,6,7,
9,Xp21.2,Deletion,9,13,14,20,23,
9,Xp22.13-p22.12,Deletion,1,1,1,3,2,
9,Xp11.4-p11.23,Deletion,1,0,1,2,1,
9,Xp21.1-p11.4,Duplication,1,4,5,6,5,
9,Xp21.3-p21.1,Deletion,1,0,1,1,1,
9,Xp22.11-p11.4,Deletion,1,0,1,2,1,
9,Xp22.11-p21.3,Duplication,0,2,2,4,2,
9,Xp22.31-p22.2,Deletion-Duplication,2,4,1,2,6,
9,Xp22.32-p22.31,Deletion-Duplication,2,1,2,3,3,
9,Xp22.33,Deletion-Duplication,55,155,35,48,211,
9,Xp22.31,Deletion-Duplication,89,195,39,55,284,
9,Xp22.32,Deletion-Duplication,17,30,9,14,47,
9,Xp22.2-p22.13,Duplication,1,5,6,9,6,
9,Xp22.32-p22.2,Duplication,1,1,2,3,2,
9,Xp22.33-p22.32,Duplication,0,7,5,8,7,
9,Xp22.33-p11.1,Deletion,3,0,1,2,3,
9,Xp22.33-p11.2,Duplication,0,1,1,1,1,
9,Xp22.33-p11.21,Deletion,4,0,4,5,4,
9,Xp22.33-p11.22,Deletion-Duplication,1,1,1,2,2,
9,Xp22.33-p11.23,Deletion,1,0,1,2,1,
9,Xp22.33-p11.3,Duplication,0,1,1,2,1,
9,Xp22.33-p21.3,Duplication,0,1,1,2,1,
9,Xp22.33-p22.11,Deletion,1,0,1,2,1,
9,Xp22.33-p22.12,Deletion,1,0,1,2,1,
9,Xp22.33-p22.2,Duplication,7,2,4,5,9,
9,Xp22.33-p22.31,Deletion,10,1,5,9,11,
9,Xp22.33-q22.1,Deletion,1,0,1,2,1,
9,Xp22.33-q28,Deletion-Duplication,12,44,12,14,56,
9,Xq11.1,Deletion-Duplication,15,248,8,13,263,
9,Xq11.1-q11.2,Deletion,2,0,2,2,2,
9,Xq12,Deletion-Duplication,8,50,10,14,58,
9,Xq13.1,Deletion-Duplication,9,31,14,24,41,
9,Xq13.2,Duplication,3,9,7,11,12,
9,Xq13.3,Deletion,8,21,10,14,29,
9,Xq21.1,Deletion-Duplication,46,41,14,20,87,
9,Xq21.31,Deletion-Duplication,53,28,15,23,81,
9,Xq22.1,Duplication,7,11,7,11,18,
9,Xq21.2,Deletion,5,4,4,7,9,
9,Xq21.32,Deletion,33,9,5,8,42,
9,Xq21.33,Deletion-Duplication,26,30,9,16,56,
9,Xq11.1-q13.1,Duplication,0,2,2,3,2,
9,Xq11.1-q28,Deletion,1,1,2,3,2,
9,Xq11.2-q13.1,Duplication,0,1,1,1,1,
9,Xq12-q13.1,Duplication,0,3,2,4,3,
9,Xq12-q13.3,Duplication,0,4,2,4,4,
9,Xq12-q21.1,Duplication,0,1,1,2,1,
9,Xq13.1-q13.2,Duplication,0,1,1,1,1,
9,Xq13.1-q21.1,Duplication,0,2,1,1,2,
9,Xq13.1-q27.1,Duplication,0,1,1,2,1,
9,Xq13.2-q13.3,Duplication,0,6,4,5,6,
9,Xq13.2-q21.1,Duplication,0,1,1,1,1,
9,Xq13.2-q28,Deletion,1,0,1,1,1,
9,Xq21.1-q21.2,Deletion,4,0,1,2,4,
9,Xq21.1-q21.31,Deletion,1,0,1,2,1,
9,Xq21.1-q21.32,Deletion,1,0,1,3,1,
9,Xq21.1-q22.3,Deletion,1,0,1,2,1,
9,Xq21.1-q25,Duplication,0,1,1,2,1,
9,Xq21.2-q21.31,Duplication,0,4,4,5,4,
9,Xq21.2-q24,Duplication,0,1,1,1,1,
9,Xq21.3,Deletion,1,0,1,1,1,
9,Xq21.31-q21.32,Deletion,2,2,2,4,4,
9,Xq21.31-q22.3,Duplication,0,1,1,2,1,
9,Xq21.33-q22.1,Deletion,1,0,1,2,1,
9,Xq22.3,Deletion-Duplication,31,41,13,21,72,
9,Xq23,Deletion-Duplication,77,84,15,24,161,
9,Xq24,Deletion-Duplication,21,24,12,17,45,
9,Xq26.1,Deletion,2,2,2,5,4,
9,Xq26.2,Deletion-Duplication,17,24,12,19,41,
9,Xq22.2,Deletion-Duplication,5,96,12,17,101,
9,Xq24-q25,Deletion,8,1,5,8,9,
9,Xq25,Deletion-Duplication,75,36,19,28,111,
9,Xq25-q26,Deletion-Duplication,6,4,1,2,10,
9,Xq26.1-q26.2,Deletion,1,1,1,3,2,
9,Xq22.1-q22.3,Duplication,3,2,2,3,5,
9,Xq22.1-q23,Deletion-Duplication,3,6,1,2,9,
9,Xq22.1-q28,Deletion,1,0,1,2,1,
9,Xq23-q28,Deletion,2,0,1,2,2,
9,Xq25-q26.2,Duplication,0,2,2,3,2,
9,Xq25-q28,Deletion-Duplication,1,1,1,2,2,
9,Xq26.3,Deletion-Duplication,17,63,12,17,80,
9,Xq27.3,Deletion-Duplication,83,30,12,20,113,
9,Xq28,Deletion-Duplication,134,276,56,73,411,
9,Xq27.1,Deletion-Duplication,6,17,8,13,23,
9,Xq27.1-q27.2,Duplication,2,10,4,7,12,
9,Xq27.2,Deletion-Duplication,37,57,9,16,94,
9,Xq26.2-q26.3,Deletion,1,0,1,2,1,
9,Xq26.3-q27.1,Duplication,0,2,1,2,2,
9,Xq26.3-q28,Deletion,1,0,1,2,1,
9,Xq27.1-q28,Deletion-Duplication,3,5,1,2,8,
9,Xq27.2-q28,Deletion,1,0,1,1,1,
9,Xq27.3-q28,Deletion,7,2,5,7,9,
9,Xp11.21-q28,Duplication,0,1,1,1,1,
9,Xp11.3-p11.21,Duplication,0,1,1,1,1,
9,Xq11.2,Duplication,0,1,1,1,1,
9,Yp11.2,Deletion,8,9,8,12,18,
9,Yq11.221,Duplication,0,2,2,3,4,
9,Yq11.21,Duplication,1,1,1,2,2,
9,Yq11.222,Duplication,0,3,1,2,3,
9,Yq11.223,Deletion-Duplication,7,5,4,6,12,
9,Yp11.2-q11.223,Duplication,0,1,1,1,1,
9,Yp11.2-q11.23,Duplication,0,1,1,2,1,
9,Yp11.31,Duplication,1,4,3,6,5,
9,Yp11.31-p11.2,Duplication,0,4,1,2,4,
9,Yp11.31-q11.21,Duplication,0,1,1,2,1,
9,Yp11.31-q11.222,Duplication,0,1,1,2,1,
9,Yp11.31-q11.223,Duplication,0,4,2,3,4,
9,Yp11.31-q11.23,Deletion-Duplication,1,5,1,2,6,
9,Yp11.31-q12,Duplication,0,8,1,2,8,
9,Yp11.32,,4,3,6,9,8,
9,Yp11.32-p11.2,Duplication,0,2,1,2,2,
9,Yp11.32-q11.21,Duplication,0,1,1,2,1,
9,Yp11.32-q11.23,Duplication,0,1,1,2,1,
9,Yp11.32-q12,Duplication,0,10,5,6,10,
9,Ypter-qter,Duplication,0,1,1,2,1,
9,Yq11.1,,0,0,1,1,1,
9,Yq11.1-q12,Duplication,0,1,1,1,1,
9,Yq11.21-q11.222,Duplication,0,1,1,2,1,
9,Yq11.21-q12,Deletion,4,0,1,2,4,
9,Yq11.22,Duplication,0,1,1,1,1,
9,Yq11.221-q11.222,Deletion-Duplication,1,4,3,4,5,
9,Yq11.221-q11.223,Duplication,0,1,1,1,1,
9,Yq11.221-q12,Deletion,2,1,2,3,3,
9,Yq11.222-q11.23,Duplication,0,1,1,2,1,
9,Yq11.222-q12,Deletion,1,0,1,2,1,
9,Yq11.223-q11.23,Duplication,1,2,3,3,3,
9,Yq11.23,Deletion-Duplication,3,1,1,1,4,
9,Yq12,Deletion,4,3,4,6,7,
9,Xp22.33/Yp11.32,Duplication,5,53,5,7,58,
9,Xp22.33/Yp11.32-p11.31,Duplication,0,1,1,1,1,
